,Guitar_power,Quality
0,0.6325789918694588,361.10982160361874
1,1.591464114097166,397.10925068849457
2,-0.8948675227225689,236.79290089022612
3,-1.5677167359812945,181.35845859773204
4,-0.42300622841924834,330.16100198531564
5,0.4323266506268889,333.7694910114701
6,1.0031403620449315,397.09473605979633
7,0.269306377753858,298.0230611376366
8,-0.5482424491868549,238.31355451824018
9,0.7978708863196312,336.73358887059425
10,-0.8118350520747238,233.17851793357363
11,0.8210479561079149,301.4538667128795
12,-0.5992504823494075,204.99682389237972
13,-0.41864653171171157,268.8148494013047
14,-0.48575274428280835,291.39614518857775
15,0.06855236673450758,270.04315093795486
16,0.0066204353040109284,289.6731499320291
17,-0.9292300251800608,284.5977608203621
18,-0.5722935592755923,270.82846812702076
19,-0.28755244928410806,309.07670324255133
20,-0.8905896572272115,234.977007439886
21,-0.3291679420242435,278.5267484544275
22,-1.4114055834631487,238.8600082617142
23,0.17738671938459905,289.51694052756466
24,0.28601694334301253,336.52160392844826
25,-1.4365739367721186,163.53933212929067
26,0.0924088806686288,306.341162283631
27,-0.8531689356791227,222.02093410858893
28,-0.5581726184680368,297.00337645648193
29,1.0439446554953231,378.46141454602565
30,-0.7660398835228289,292.65991437924004
31,1.714323237363355,381.66810245370925
32,-0.31868492957801425,278.45082226671366
33,1.8745856257735347,435.2917631120364
34,1.1044602367331493,374.6255071044376
35,1.4482691251839777,400.77143316954863
36,0.07063438366854578,274.9576352887943
37,-0.35335457682531685,276.48483787706783
38,0.6155663231422478,387.2453876965708
39,1.069111150207924,356.28078751869714
40,0.38508636162761195,352.8876756192567
41,0.07619958783723642,283.8375127762259
42,0.3880532728708196,305.0503987441764
43,0.6373701317691588,328.7889775207495
44,-0.9783263150562643,226.30127788879582
45,0.24945521515244942,314.17756763271746
46,-0.7147453741565917,243.73104125775794
47,-0.03813007645102813,286.4297014185923
48,-0.8766771606751544,219.3319937791447
49,0.21537592656166116,312.93435218875544
50,2.0065611269776644,473.1990912503056
51,0.2265373866513276,321.879413288538
52,-1.5846587483612327,192.34440620759474
53,-1.1935641822743448,259.2519909739642
54,0.41516003821053465,348.5931820337598
55,-2.1098400256534697,214.63777461609038
56,1.2959189348548241,372.40632871952926
57,1.2821032897833764,383.99631581497647
58,0.955557932627455,365.4476716033517
59,-0.061147655522904056,310.07747737911416
60,0.9744703792416146,293.20574136903747
61,-1.59249315299401,188.06806179637556
62,-0.03552991507180546,329.2548507573987
63,-0.5407998076498752,223.31563087653018
64,-2.144451535848617,152.21034968290823
65,-0.6908582143577912,256.5797027301603
66,2.7638440798495663,489.3062494877778
67,-0.6284637608638716,239.7018089070213
68,0.5780726222448056,365.2012556410797
69,0.156998376446689,279.8576089430508
70,-1.186453685478522,255.2248740354296
71,-0.82320829841993,270.1367757465339
72,0.010281457155327522,234.7327739113839
73,0.866452901845807,329.32800283984693
74,0.7401407586989436,353.63385293630233
75,-0.014752111804594866,376.50801482885953
76,-1.3801733950718382,218.83121234553735
77,2.5779001224171667,448.9334694242984
78,-0.4680176663374855,359.4272853881256
79,-0.4878145725373255,307.0825946681415
80,-1.1805528861977703,218.3938485600042
81,1.1785050617253972,372.14501603525565
82,-1.1142296120480875,164.69508844394838
83,-0.7119035172923535,240.89706501804895
84,1.7879796324557498,406.39350456658616
85,0.22636322725170696,318.4183106889546
86,-0.6366050127557136,224.9252442848449
87,0.2772050917287884,327.18178177837257
88,1.3829972488529256,366.9941008106382
89,-0.48131023935727413,293.2930455747456
90,1.3634815124261457,375.03440774938815
91,1.4311837522545638,425.0857390293364
92,-0.8452903895662435,275.2570304883649
93,-0.2961352600643635,284.14866816984045
94,-0.2385667604664495,309.7035657023034
95,0.580306712267777,357.0251310449976
96,-1.7517059477920245,215.2128292287715
97,0.3876744557775985,324.72230795036165
98,0.5665336963535724,330.18999986071526
99,-0.6176840044986863,253.88004409215276
100,-0.5135490947661565,258.1093284298536
101,-0.10091819994891389,264.15643865065437
102,-1.4019732815008439,215.69400537353454
103,0.04115426416709586,345.17117300586796
104,-0.8525586380170425,280.00388420976515
105,0.002118364683486495,269.3676130429493
106,0.7408138005017622,324.32498905349604
107,-0.35450870806937423,219.48342930078547
108,-0.21214580398595856,361.5411752379614
109,0.8379682622990767,318.4586687280567
110,-0.24843205438084665,321.08953525124764
111,-2.6230042844775308,98.81301365101692
112,-0.8810470922015694,212.45394806887236
113,-0.01528612611490218,299.9884577913317
114,1.1547169381385685,356.3926185721262
115,-0.5441423629127627,282.5848133677354
116,-0.036982814875919444,311.4555469135253
117,-1.7501227406239075,162.06134363713278
118,-2.218380612891945,167.85084009516777
119,-1.167520333241006,193.77967319763803
120,-1.2049556514417912,204.03010796444124
121,-0.18884634787574245,284.80834883015456
122,0.2956177553344715,328.39184691866615
123,-1.462158097325745,224.05928938176618
124,1.983488054493826,433.8943494152199
125,-1.1426312890227635,208.41496068341638
126,1.7967619770154886,423.0503154619897
127,-0.9381526140931042,235.1634111536674
128,-1.0515389375700381,283.0592238185075
129,0.6895231987879346,374.42691948707545
130,-0.6199930877212022,233.33689763807968
131,0.3429693803069742,311.5922909759348
132,-0.1694266163205279,280.38850501480584
133,0.4756748381165133,333.85755914751326
134,-0.2048613320814621,315.8479135390275
135,-0.9078816127611445,229.85480484320226
136,-0.9816252535552545,235.89440348615534
137,-0.14550836017250823,307.3450483298327
138,0.8375662124501372,368.22419815156826
139,0.46439232505089606,349.7629399556338
140,0.8986444947075308,370.13299427982463
141,-0.807430538127575,203.0509922312754
142,-0.8103988237632764,248.3466663299056
143,0.6585002902138842,334.57889412762233
144,0.4955695135823552,370.85267407919457
145,0.3412055583181066,288.37817403119783
146,1.0213556589900556,424.5866901325845
147,-0.3602979425548198,254.84708220016563
148,-0.2478571509345204,309.82825623779325
149,0.12678118632697175,325.3960737013585
150,-0.36249074930148834,285.8291918871011
151,-1.0138017873961387,211.58052940246506
152,-0.27835427971563803,274.9262748947523
153,0.9533241281124304,392.6515182795794
154,-1.7193166679275491,213.5561379933406
155,-0.38956820567858713,230.4152121693569
156,-0.12172840866682022,267.7300716993452
157,0.28943005670297534,356.60773320992274
158,-0.5553548562130987,264.7465578375587
159,-1.470561473204019,208.20362458738498
160,0.7791278729368808,254.88222207101737
161,0.6809960077267706,337.5769097460039
162,-0.11388029975498705,325.6733686403302
163,-0.14461950836938436,335.03726390423355
164,0.9498579011377821,390.7880723137539
165,1.0973775691358045,369.4705630547187
166,0.9117144920710013,363.7590827162833
167,-0.11828188509401265,262.3894140998869
168,0.42416544480465107,353.8599992219345
169,0.27166078437402447,325.7161166341204
170,0.9849198419098969,317.830508650848
171,-0.73672389380343,279.2966891176039
172,0.036580042073228174,322.33045123514074
173,-0.6923052342077858,203.21121725860326
174,-1.2039358410124956,237.28812453977284
175,0.48428811274975,344.129581647201
176,1.5929462868441997,458.32452867053416
177,0.8933687076816909,394.5060404818181
178,0.9170876091858432,353.6006044605102
179,-0.07875925953707975,307.6599779238805
180,-0.8194899549284452,256.4193710796492
181,0.27227768064984575,303.68526901911116
182,0.7749450869612452,365.50252099123395
183,-0.9976396109124448,235.5735855194336
184,0.19309788766068725,344.3634228408274
185,-1.7398037975225593,150.43259558610796
186,-1.4059070723881977,233.01458819426097
187,0.3096639858949537,266.94968235541114
188,0.5397352373427955,341.34032411731636
189,-0.8971567844396987,166.52178930574507
190,-0.6365235044173491,306.5773330314574
191,0.040843424766001724,340.5654821369468
192,0.9601058213354586,366.63338572089646
193,-0.643333236166963,277.3888870637861
194,2.039686037158919,426.5610200399633
195,-0.7903083089380574,269.0275078424983
196,0.10816425581928157,304.189915397696
197,0.3469912503733692,298.7699777846769
198,0.5679619039092129,291.63169901210205
199,0.48030822044249066,341.083183178058
200,1.1204380965523477,404.43005088400577
201,-0.8606082116903445,234.81503380906997
202,1.0477114549434385,370.0320150733516
203,-1.2858104335854346,246.12084914703786
204,0.9198613265920247,344.6345809823085
205,0.4134052764244962,334.54561507584685
206,-0.5277666902846596,293.9539225656263
207,2.123691888593553,448.07367638289656
208,1.022049175049396,351.62574186159725
209,-0.6842936580828958,283.520105262229
210,0.615135458353951,323.86547313457993
211,-0.3999645806965225,340.4282477385989
212,-0.04671941361551819,323.8427734118766
213,-0.117321056690272,290.3383285116965
214,-0.1653294765172792,291.7670171301925
215,1.242878161737576,364.5314198099909
216,0.40523146638138585,276.74413149113263
217,-1.1894434708478612,217.65708394418647
218,-1.418479846109691,231.64948198353468
219,0.650904459533196,374.9504007043647
220,-0.7498050034792573,273.8941013820136
221,-0.0978270208001495,265.552948754272
222,-1.1266081518773763,199.86925809981398
223,0.05883894213673241,290.94740464759167
224,-0.3252064420888287,284.5913750305425
225,-0.18553407247035877,301.6290860615268
226,-0.387886231967176,270.17457039672905
227,0.03815417922975076,380.5599924813482
228,0.6941032876787643,347.9584907128518
229,1.357696738440468,400.14869616146
230,0.7439528461648938,325.2252541031608
231,-0.9083505301473382,198.58826569799567
232,0.5539212514397202,323.3912308039638
233,0.3285638932885436,282.2527407844968
234,-0.755678771851977,277.58559227216006
235,0.5667304418132302,378.1385223840715
236,-0.07130920963109931,234.56738889486456
237,0.10374933997096626,315.30938613625943
238,-0.3038649028357182,280.93259864268725
239,0.0679105861898321,311.87024426564733
240,-0.1708010306976224,310.8442143518896
241,-1.9544897721878425,187.4017256806016
242,-0.5567009825683705,289.7717577828081
243,-0.1570991368466517,301.04571787043557
244,0.2914954295020472,289.59368249208177
245,0.3186160154286117,309.75244534124045
246,0.6703941265404708,297.072464043118
247,-1.9789954872979618,170.79991775769005
248,1.0771702093251387,379.02655133869126
249,0.8850746464833872,332.996955772536
250,-0.5847182112607883,275.5035198222422
251,-0.029560902753084674,339.63167569326913
252,-0.05953196470440051,326.7487660143422
253,0.4238146840382535,394.1397554001444
254,-0.3649549785081342,242.68395958985283
255,-0.20393286610125122,275.4263161036081
256,0.4620597371620487,299.021298486617
257,0.14859004271527046,273.58049036824053
258,-0.6633574416656721,289.0277781385266
259,0.63126998987283,323.940600666545
260,0.11944372127595972,339.35898492311765
261,-0.334077365808097,250.36094906786454
262,1.023722450295963,368.68612183986886
263,0.02958097097523698,250.5198328415821
264,1.2829332468745234,378.73712568710437
265,0.6705693906174532,355.62299975106197
266,-0.21754548049047615,261.0147337777073
267,-2.0749804861700474,130.42178466621885
268,-1.813277132405328,127.20601413450174
269,0.2152685809694434,310.1305015019891
270,-0.35588838632283426,266.8997309563142
271,-0.16782281226658904,341.6334954860569
272,1.0113876105700055,379.6918061834101
273,-0.9515209412315562,261.139180381912
274,1.4128619856045128,395.62632882644687
275,0.9945342545778538,348.3321815240828
276,1.0572033312141293,381.22968356392334
277,-0.7055198448961673,273.46683366406074
278,0.5566218332914563,385.3550595740069
279,0.4112040207072239,327.36350166136856
280,-2.569458331707609,191.7418809592615
281,0.36772439562951775,300.3301001200544
282,-0.18332095842143573,290.3438051221399
283,-1.2546738304282525,238.0610317900562
284,-1.2400270570829632,240.0820446358755
285,-1.5112188094123393,186.23115907073804
286,0.13139536722591508,300.77364073587955
287,0.26228661897316985,278.5984289155444
288,0.765042456099499,343.0448220154329
289,0.012564319403011075,288.8302566886038
290,0.8741928933305493,337.23130116230715
291,0.020856736754465456,313.3393292446308
292,-0.7914888094778855,191.11367926516948
293,-0.06384308342238247,299.92898415316347
294,0.3537692939966397,378.4325163941695
295,-1.2434289733555268,190.21168763613412
296,-0.558974439578087,216.605015669153
297,1.8936798255518426,372.04737609376093
298,-0.8388429214202899,183.67745549761042
299,0.5993399050363709,370.2581521377774
300,1.0892701221759744,375.7059452124718
301,-0.8621138907013673,172.74629657454872
302,0.9244428673433661,365.95013851057365
303,-0.8019050477600198,248.31670009486373
304,1.3211581921293856,347.7510730355624
305,0.34075268512976414,310.57874231569565
306,0.06198845052177757,334.56485409227065
307,-0.16376553967851626,358.9858812953404
308,0.5523345698622447,292.09398339547965
309,0.33419793089900884,321.4632477546811
310,-0.5040427180819637,241.69995420186353
311,0.8635280074720505,343.19574087239914
312,-0.7356927851492516,202.91168905790323
313,-0.12470367976984963,360.23032102460826
314,0.6579779477468244,378.0646219971096
315,-0.9161988612665409,265.97899881498955
316,-1.3450166621321085,163.54567651857803
317,-1.4080260151721555,172.95028639381482
318,-0.8578899782626873,259.1908418886067
319,-0.9742363337673154,202.9300233964397
320,1.7625684076316936,402.78264817170765
321,0.2989839355420466,312.88586062785265
322,0.2597174736789681,318.18297141951547
323,1.3736536583692938,423.0222274992087
324,1.9350439373079196,418.8007185525428
325,0.9524783451091219,353.0692794238543
326,0.106671404725705,275.23022924303285
327,0.2883768477152654,332.39808439229097
328,-0.31929059356767586,225.69645396716678
329,0.8811405230322151,356.77933186839067
330,-0.24210668506471908,295.8362297229479
331,-1.0989428108595805,183.21540949797154
332,1.92453332001529,422.9528812476167
333,0.1211718053315409,280.6137403370605
334,0.2814329709607391,306.12735963146696
335,0.9881375825933089,363.85567613486165
336,-0.9033080622801077,233.30817639157402
337,0.06543853933530658,269.89498849378964
338,1.3211056154702059,328.9441027880682
339,-0.9620288319051914,218.48604165506154
340,-1.2366596125830565,156.74187812932215
341,-0.866260054447336,212.86367008365002
342,0.1949456941503467,334.32731608019157
343,0.24997123608511843,361.22777879199316
344,1.091259859221752,377.45838897204305
345,-0.4693052847058996,246.4016846534413
346,-0.3014922439465465,261.0418137778694
347,0.4850111486734251,354.3774702578454
348,-1.0749752659886933,248.08001465702432
349,-0.5865382483604686,236.60419014546693
350,0.5576661640479297,336.2179618483691
351,-0.21979349574451643,257.0634062222441
352,-0.36015657086902797,236.6549763918856
353,-0.12903186584899776,265.76819957575145
354,0.4719653640704572,346.44769226003297
355,-0.07536789810631976,267.90489765908137
356,-0.43154951551604476,293.8008918712462
357,0.2826837861355865,279.3376946675938
358,0.5719097121624452,366.8832820311522
359,1.4061761394942678,388.1858593412195
360,0.5807171574650134,254.01975590030412
361,1.384580160839074,327.3451322129418
362,-0.16153394070070218,296.93042294496274
363,-0.5423819916500694,210.6524302515927
364,0.6396327631937027,329.47899251457994
365,1.7119870129859922,369.6871671413413
366,-1.2502708184687266,226.69338395451447
367,-0.40990890367668414,281.76155121332386
368,-0.6746149597982909,247.46949312686354
369,-0.16561165216100782,278.8137089871452
370,-0.9808768767289832,216.65461335871362
371,-0.5405657877076904,216.67028195482834
372,-0.3447660142546443,247.8617982160012
373,-0.0409062557140268,272.013093462034
374,0.17160238198599498,352.24563556848796
375,-0.26641789264219634,291.4060964299922
376,0.593436194757973,347.1764408689185
377,0.801888214216484,312.1601648509183
378,-0.6916284672470955,269.30261728111253
379,-0.5260839807913462,293.371100617579
380,-0.7508349034562566,222.7906154865277
381,-0.7153708866312951,306.5460070856864
382,-0.038912324029113265,299.9448648658309
383,-0.0838229567610772,273.84593329246974
384,-0.7163139545771664,240.7082564654372
385,-0.279287275307328,216.45274538371922
386,-1.2572091348955425,173.79065874375237
387,0.10997254269648227,293.15031454430755
388,-0.042268338331824626,292.16465707665634
389,-0.9543423107689742,206.55043006113647
390,-0.6326859214279354,276.5572855434508
391,2.229005270739215,456.3544733142804
392,0.9841880707224154,339.8992726143312
393,1.0786735513204067,354.3260368534857
394,-1.8892227698350117,155.01476248142464
395,1.1916553458718568,345.44023037229454
396,0.043672011407345696,294.78227316743613
397,-0.44884868035202796,287.65315733347296
398,1.3958923270092252,356.8264107911406
399,0.5004829001543722,286.5309494403673
400,1.8935344675962007,458.23929652430286
401,2.365768628840039,448.56503243208306
402,-0.40428796554480456,267.9866426576768
403,0.7965948666649523,382.74553087708466
404,-0.30466683645644077,276.4968775951792
405,-0.35442243933376033,251.59015446337955
406,0.47845329452970037,310.2538771244626
407,-0.20036229600666147,234.3380682077985
408,-0.4904835914786814,236.4399937925367
409,0.6721743756806497,319.6310868689483
410,1.3460983256762604,396.1035709890443
411,0.6087789266465395,354.003328661552
412,0.626820481067724,398.02629144998485
413,1.3577972581070583,369.0833354616374
414,-2.131521945579862,216.52564227685446
415,0.4922331098465613,377.78920776735015
416,0.4328745920492785,317.5955250204352
417,0.3635645568066484,307.77940024442705
418,-0.832729497596672,221.4951554340887
419,0.01746667513481011,369.7455122825978
420,0.572691024994731,351.4755686658799
421,0.4190598246739658,290.68765137506415
422,1.470996579505006,382.5344470718023
423,2.547691702457717,472.5541218829935
424,0.2875608106832903,379.32813822692094
425,0.08783289916837053,268.62888332043156
426,0.7654899502535211,311.46505621086817
427,0.6494986890305593,370.9072251218133
428,-0.17028851232950049,276.23071705567946
429,0.8140069360500528,384.83119364156573
430,0.502810027757784,302.44761402086823
431,2.525529212512197,444.32171133661024
432,-0.33522864818333964,285.0208509313269
433,0.3862536891890525,318.27817357611184
434,-0.3066384838696108,257.07227182466374
435,0.08734211555295829,334.29270558384746
436,1.197646134012041,298.86666423140076
437,1.0410667133116964,393.7259363762911
438,-0.7503271998217945,242.47653928936836
439,2.035703060212518,469.3893650933836
440,0.9323529322684813,306.99713433585293
441,0.38617675211402597,266.4771317718181
442,1.1997859067392564,376.0432635411697
443,0.5235079678938094,344.97804934960925
444,-0.8672252412745877,226.16999951980222
445,0.8637172916848387,350.6460604753952
446,-1.5861747502442867,203.00184131306048
447,-0.5437403904555086,253.07423375962787
448,-0.04846050255238326,293.96798148149185
449,-0.40574990484725837,286.0741204344938
450,0.43880126303439065,250.45693478931238
451,1.5573976506490226,365.8722297259445
452,0.12376754028432002,368.4407538275888
453,-0.5012681327516669,231.2748834134793
454,1.1069498460085399,376.75885307386807
455,-0.18839787559541288,257.1103349852246
456,3.125635148964697,442.60907049327443
457,-0.8038880300555153,301.650742783619
458,0.8750882114761359,344.4165423578352
459,-0.758712907521546,239.73083211300334
460,-0.4640317318179717,199.356923459065
461,0.44842752674621966,321.00430972954996
462,0.5397854765202809,331.8564677443889
463,-0.06584033431115952,292.36212911410416
464,1.118854972135864,331.48541509179233
465,0.11911398259834126,317.7715943342786
466,-1.0559463385249355,169.0279883488626
467,-0.0002208983015993693,326.44041317599056
468,0.8124230006825046,363.6933424859775
469,-0.7205887333650116,255.62937672103402
470,-0.7884718753018505,218.22316747909525
471,0.15514467874395169,341.0860606454729
472,0.37386145962110606,280.90025261224173
473,-0.22663229367683593,299.0202460493367
474,0.5656583442738247,285.56173821293703
475,-1.1100767316660405,228.92822913297599
476,0.02691516940587674,291.7322061998908
477,0.3644839042458271,285.1493354640206
478,1.6361783276216142,362.7230546788308
479,-1.2808952713375565,207.208982462113
480,2.054289530002812,445.81313076147023
481,-0.31956139984023146,296.6481810092741
482,0.8110530618480462,342.3860056097411
483,0.35207889140437837,326.6916504535034
484,-0.07692257388594723,339.7319740456723
485,1.2828372246866984,360.58933401709095
486,0.7988644362166253,294.6005460454802
487,1.6615021287437646,371.29312467306454
488,1.8724195260099583,454.5948206445259
489,-0.1102959335588841,284.9096937184689
490,-1.4495666088633876,218.24654298158447
491,1.6306588706577558,471.05977683348493
492,0.2990687378354516,334.06771822188733
493,0.8239231846771865,364.5465681715556
494,-1.870844094740726,185.95781794082228
495,-0.21954540602463243,315.32420188256185
496,0.05521901817602111,301.79398198582516
497,-0.7601693113722089,242.7442921211521
498,1.5294006744839312,391.33505236830933
499,-0.2453604968501647,305.0997294484335
500,0.2546166807114456,281.33824826055996
501,-0.8070383084728134,223.9363192521999
502,-1.4731164134656474,194.49383353692747
503,2.1040773666293053,430.7449828782991
504,-0.16809525775457287,297.8648602747064
505,-0.21100334781235738,300.8407825745821
506,0.7814628916556282,319.2073630287564
507,-0.7310333425852061,272.52819062059496
508,0.7111123993648228,332.69763033383884
509,0.3950830585998769,306.2351100457214
510,1.699458930621629,445.7580176315937
511,0.3937105991386652,372.9744385126646
512,0.33250662216224913,311.0296995877547
513,0.39137144842193117,331.3055590650427
514,0.6716661637650329,363.02519735181073
515,1.1081600673623053,354.63687788193766
516,1.3812877674130073,414.9405565779594
517,0.7016674658076202,422.25687938459504
518,-1.100796980074196,249.39111432328832
519,-1.4378480743172242,201.89274316907634
520,0.5029255176706321,332.69662950683676
521,-1.5237107863092993,170.1154796239525
522,0.26172483967990484,344.9422161246019
523,1.9321781695813465,405.53407358885386
524,-0.8450807337974341,230.24190842047395
525,-0.37443660019278063,330.4555280503851
526,-0.11397971146011078,248.78397522238424
527,0.10203511229233127,315.448662630998
528,-0.5740804187646116,234.99799177225123
529,-1.4070845457432255,202.34045736451696
530,0.025941713524132055,267.42472779176967
531,1.3990513239554587,334.75531874659515
532,-2.1204416331646057,143.38098777284586
533,-0.050049692409833806,278.2386531371128
534,0.405453411570191,373.69403285359624
535,0.4500013006954749,349.7454947691996
536,0.8165939265478418,417.08577132591927
537,0.3916856707241631,349.24607427321985
538,-1.0227737046951428,296.91253341537094
539,-0.6624343515388721,281.4632744976669
540,-0.417597375170239,301.98660721302446
541,-0.433426256842158,291.4710573842516
542,0.47521956959719025,317.5746815680121
543,0.5725921910432455,263.13846014048323
544,-0.08645566565000162,319.2614502230261
545,-0.24587534038557923,287.2906789741127
546,-0.6232073791066405,295.4777702274021
547,0.19170030104853333,315.21849246519304
548,2.0953445277181215,440.94378832347445
549,-0.29882845731838414,282.20135823002227
550,0.027693813616147662,328.5547328142503
551,-1.5927211354658712,200.41933332444336
552,-0.12736538411633605,265.44248273729727
553,-0.9807243575005858,264.3136719065592
554,-0.23139206049208666,281.0678409588026
555,-1.7347783075439347,225.97657807093256
556,1.2090252256946985,442.31075716071393
557,0.02279839968937127,280.42295000926754
558,-0.8449714218020286,267.05216442348336
559,-0.1665595772769085,327.2745916196002
560,0.20572046243193212,359.42486253252844
561,-0.8596682999817407,304.14144423215487
562,0.12738439320069522,333.8302499470943
563,-0.00366583331129061,339.8975916636182
564,-1.1420202563413573,189.83474431528498
565,1.5523521981801878,398.7906990383679
566,1.5456588046255575,422.46219202151065
567,-1.8974207478926115,208.51146954915492
568,2.105783726343923,458.39621544491456
569,-1.3252177927196276,220.56044529580342
570,0.44585250626100126,382.66424657178175
571,0.07984231300862901,324.68251897150066
572,0.1665021622951669,285.70652791459145
573,0.21907020968038537,323.410298704797
574,1.122267866057918,354.752825518004
575,0.021994646640012584,328.18952886232574
576,2.1881393198419006,461.83445366996466
577,-0.8183638169040534,250.54781405090426
578,-1.5751793626207562,209.94159374698077
579,1.9680228783780134,412.8599751301124
580,-0.6313987783785193,272.5940311528013
581,-2.200564435744119,165.74935475073974
582,-3.5635166606247353,32.9241977082923
583,-1.8674800242068357,225.42726411609624
584,0.19342137647035826,232.16607262932143
585,0.5282881452973941,324.7338707964597
586,1.2723950785462097,392.31798902839347
587,1.2103988203374765,315.6607750799235
588,0.3533910559483136,311.37603190707904
589,0.8665207121682993,390.17720365319894
590,-3.880898411336608,-7.431321652839529
591,-0.41327907241887124,264.26559138851894
592,-2.275806602546662,136.88943517363214
593,-0.6040373262522097,247.98095209738733
594,-0.1367948332613474,360.91907674161286
595,-0.47932400357549726,294.46786096760553
596,-0.3213527699561276,293.3337983037099
597,1.439554598911049,362.0080113930661
598,0.6855615854791441,410.9860529687667
599,0.38182950269241284,331.1633048494769
600,0.24025265459504974,328.26990808173406
601,0.8630648605906245,351.0358201089454
602,0.2471117161577363,304.5033041244594
603,-1.6201902148381657,205.065455848314
604,-0.7874870323351537,251.78777225785464
605,0.8353271395689392,386.5344167077779
606,-0.16548060534520717,229.21343580041327
607,-1.703012774113238,142.79742717387927
608,-0.9890504350398052,271.8964788849505
609,0.614357568402309,333.4324928354839
610,-0.04138653961487197,303.5669079551125
611,-0.17089371635297698,269.0741657782559
612,-1.365317321173664,256.01362134975534
613,0.20041714856957057,311.85641987613116
614,-0.341216883674434,315.1181322312596
615,-0.6841283287665846,266.7349237346357
616,0.18167274532368163,287.43591449586745
617,0.23734976450942513,290.90700114387096
618,-0.6315857879244524,242.94263491990625
619,0.8806401486464327,367.4723514439995
620,-0.7850742848090894,277.35810821775027
621,-0.6158051778970814,254.31172837082585
622,-0.9634637827705722,227.85122383411533
623,1.5387739411600052,392.23009001884014
624,-1.153093261804181,246.1802026675191
625,0.1020797487098907,309.0144909790263
626,-0.1781069483689504,243.83868329170008
627,0.31131556600495014,311.9646013027237
628,0.15026325770082377,291.49706446479826
629,0.8416747129961416,381.6862863731811
630,1.108549167175562,444.82028844298804
631,-1.2411379667255165,274.80920559705015
632,0.20445196734865428,249.96472151569492
633,1.1246455384703014,409.90138943971454
634,1.8300122162153667,417.0340068458869
635,-0.025423713605457213,338.4712689713393
636,1.8369817456637898,422.796952309138
637,-1.47256655193283,249.93284827371164
638,1.4879426064663008,389.1495694927527
639,-0.06463752982375232,286.76253596536384
640,0.20007988155239426,311.3097960103924
641,-0.7130239566297442,297.5032216501223
642,-0.49290166725397516,286.53096936277575
643,-0.24387597772811434,258.5531302748814
644,-0.823641385174183,200.02492327881
645,-0.054951928147801275,344.2653495262516
646,1.6725063796804007,383.77238479038647
647,0.4344371851022324,295.6947710107781
648,-1.8707844255906292,200.13365781486215
649,-2.1218916845839226,174.6682728749172
650,-0.5933284755242275,244.15351970025495
651,0.7108614710694785,311.27667680606356
652,0.6716494099559157,317.06989392065174
653,0.7648091403667154,378.46278458495283
654,-1.0689887834801322,216.83191621455205
655,-2.4240034515856372,133.16395268385492
656,0.20545485392597962,312.6725267743007
657,-0.9966018297104684,202.58099125917374
658,0.3485794102195174,358.29968905990694
659,-1.8170272265901968,212.36841601711973
660,0.5270464509549642,332.38676469063006
661,1.0877137365241412,368.9742072439659
662,0.7043082981680985,343.1420199267827
663,0.4961429262475947,305.5589281763569
664,-1.4389778344742428,227.57219585037143
665,-1.514846657215433,161.86254960964635
666,1.7304250791384268,399.8989756509645
667,0.36201819567044535,302.35693580437817
668,-1.090075713600904,209.23482201710794
669,-1.594885645232233,216.64368897733146
670,-1.3397010399749156,208.50115170282643
671,0.8440837950928912,347.5513810508695
672,-0.939682992749632,265.80354836863785
673,1.126385822137273,395.88031470174946
674,1.0229341905489657,420.92385946366335
675,-0.4123899771074438,303.3445183554262
676,-1.0460104729640576,194.52581357893894
677,-0.31676834505654866,294.7364899514817
678,-0.8093775569854329,196.8166994495766
679,2.217138469953305,472.9796491062788
680,0.6947053421168634,364.0621638803906
681,-0.3544772294682724,264.0257527795423
682,1.4599274815852936,432.8677743757629
683,0.8773320648505774,279.22148481380816
684,-0.3192978018201611,278.3235696968584
685,-0.1362303703563351,324.4689629700414
686,0.8043460416389878,377.6706531819584
687,-0.15744398471175033,298.4210363870158
688,1.7430524278808484,434.6976356590652
689,-0.02858929960017153,253.36485041186737
690,-0.7901001377408152,275.3261798144864
691,-1.0774995501169369,218.83208895374815
692,-0.37743754459771056,290.82684242769454
693,-0.014278788627562308,363.51695541244715
694,-0.484999956436842,301.21607733354267
695,0.4151005583815808,282.4128633059455
696,-0.7104141028355746,316.0696211753951
697,-0.09742149039769883,330.3838205270701
698,-0.7239489167555044,255.5958218367197
699,-0.14874184933286258,312.75219352957373
700,0.48732737406114873,286.281903502013
701,-1.2476529230512328,199.09135857200522
702,-0.4256720265205931,203.85349737548287
703,-1.5690136329602513,219.07628786698064
704,1.1655358379853618,386.3387382751971
705,0.170296895326288,319.1454044595399
706,-0.9961724067813501,276.7941532156709
707,1.8364307309785095,416.17075781747144
708,-0.32464885682066535,320.66581541801895
709,-1.4167574467150201,269.8598632455037
710,-0.5890225123003711,292.1411962476774
711,-0.06581075463628752,273.98427402172285
712,2.7103620617407675,471.8399395002363
713,0.3448579057382745,330.3804447044315
714,0.4583416206899287,337.71749112295925
715,-0.6837898224310078,252.35810133573398
716,-1.2390715625947926,214.61230240243367
717,0.7596525320929627,319.904974910784
718,-1.1094197118732438,280.1841197836311
719,-0.3583376903393199,285.98248518554226
720,-0.8048337241667037,233.23626148964834
721,0.8161272333600409,357.70738712140053
722,-0.5288023483216494,271.8389100742513
723,0.6889718563269422,372.188787754973
724,-0.681020157223664,214.36435813564407
725,-0.3937331661815619,282.5225589642242
726,-2.0749776006900293,193.37888457718552
727,0.3443234994095252,297.28455000065713
728,-0.6109769869522629,245.38895491908266
729,0.9377871564277188,383.49686783804464
730,0.523546018063799,356.64865732458253
731,0.5000695850282261,296.97688121605785
732,-0.3904131495690663,264.9894774606864
733,-0.6242296327908734,202.4177220244914
734,1.9845899031898866,445.9863639087938
735,0.7750320504850818,339.1243989315788
736,0.03187997356903155,322.5188712651886
737,-0.03065886493678412,273.4320152555731
738,-1.31996590252498,206.51912505793544
739,-1.0278505586819058,240.1398177469469
740,-0.1172830670823735,264.72218691267125
741,-0.6587570839399224,288.3023089210098
742,-0.5348572637202641,277.4085372926212
743,-0.6981289789688551,286.9700035755352
744,0.11871485633590126,297.1747534886428
745,-0.6219513112858773,249.88292668588605
746,-0.2598436943633885,288.11482716508596
747,-1.043927138793719,254.52612657810815
748,-0.6755214784366882,229.04497121058606
749,0.01805510965628009,301.1500348714029
750,-1.9085230842208278,230.14740043144462
751,-0.41728457518625894,267.0026863311126
752,-0.3333504267494006,235.65543776787928
753,-0.7765090260755442,174.6244288334669
754,-0.3681746191597159,248.2852793905464
755,0.2395559950038969,327.62756169618376
756,-0.2627885559031957,278.22139443091936
757,-0.3529993532697688,340.88199997955854
758,-2.4004536338122957,137.0682918611947
759,-0.70425204708826,271.6102358251973
760,-0.4634193992174632,284.5854865747748
761,0.981271848028589,339.62576964768374
762,-0.001313388900468286,303.0829538747608
763,-0.10812492648026306,332.7076015703561
764,-1.1347082265682895,283.13996275687344
765,0.8649983085249567,361.84711205073256
766,-0.1852585770460116,301.51101176493677
767,1.276832574578479,347.05336632064774
768,-1.1540839403826029,196.6893666487167
769,-0.665514592157051,295.1961446563158
770,-1.286918173484076,173.98980485697552
771,-0.9086522186620652,269.3376756591856
772,-0.09210274419330271,273.8593434486042
773,-0.356409207238252,278.1488993498282
774,0.9315457527732457,318.069144781258
775,0.2269625418708953,279.53350673274844
776,-0.704492925529761,231.3678827298898
777,-1.84875643955979,148.1086763249825
778,1.3970387291415345,366.7715011473283
779,1.5648503479409237,452.04195957528
780,-1.611401667894683,196.1533704722734
781,0.8764694352033359,378.5450177793916
782,-0.6469566296082585,246.26797998209176
783,0.40512128164086975,283.9686104268562
784,0.30392147880315273,339.49687427816895
785,-0.8455002410306656,270.2769808559484
786,-0.591862973147249,286.9503100706486
787,0.4402663916687296,300.8885090913536
788,0.22892725550405343,272.60146202831845
789,0.7629206807292105,340.31444465285745
790,-0.3839779268517074,277.88215542660583
791,0.6167126196705511,317.4463205286452
792,-0.6239159757985199,276.79134492583125
793,0.922813208104403,316.7488411306381
794,0.24269420478653897,299.79652600412146
795,1.7923391966469424,353.0065013325767
796,0.6931185215037656,307.4282664819103
797,-2.2426849541854055,168.45747532860364
798,0.5531844259723022,302.5405079203015
799,0.6769776126657561,336.5561883418627
800,0.028944498401123394,297.0564537481755
801,-1.154600965389669,200.13739395671251
802,-0.6679936382765587,281.01744162406186
803,0.3938001271158281,296.0244926942682
804,-1.8707031252928834,177.0842680394366
805,0.8595884137174165,391.5621604674754
806,-0.48966164024190245,239.59723685216426
807,1.4704739392964385,474.690767876312
808,-1.4622250619252337,181.54838299667395
809,-0.28444068392629274,268.0902912012987
810,-0.36873694077108565,298.65434547460984
811,-0.45824038933749284,332.89592261793314
812,1.8177266046224785,378.5589833561727
813,0.6919934211102784,323.05747505338195
814,0.26623740682783636,379.86285837841166
815,-0.34085761407504506,272.8353063437399
816,0.5657383060625951,334.0551172018096
817,0.44231707444209045,320.6592946785673
818,0.2852956847818571,376.54994802882
819,0.4257406105857961,335.74383250419453
820,-2.192293576485658,141.9825991697992
821,1.4877433319614572,407.95043458442353
822,0.09263334475571541,326.8340572543211
823,0.2923665381528412,372.7101935651778
824,0.1837116189338406,298.8036722050403
825,1.001555629245316,354.2898382189385
826,0.3233160031348656,335.4108377312094
827,1.4915332826684922,425.3671275490543
828,0.30201074703431263,268.0642694781161
829,0.06121652036774996,334.82772334100343
830,2.0713403994195,399.47503997729166
831,-0.24325392379441643,343.78505829144825
832,-1.244182999570327,277.77349607701456
833,0.9958228752170344,389.02986251966786
834,2.478680715109032,440.71539001291694
835,-0.05055462865777262,320.24474204673015
836,0.24867245049422668,382.15050789227985
837,-0.08948608726613148,307.2013040714963
838,2.304864753441823,447.0271452832015
839,0.07513124552918019,317.54503551375007
840,-0.7884401845178787,261.13601458281244
841,-0.9024827749371498,217.2026359385387
842,-0.34564805677932203,284.8180655423415
843,-0.6411772534653856,268.62872858916245
844,-0.0505396895487724,317.72019494317755
845,0.4292364271091284,325.91618470732544
846,1.4277317710676356,393.312224422597
847,-0.1397533402109211,325.7191865956557
848,1.2921182237026438,346.45883046362263
849,0.7175769325882829,289.5091260264223
850,1.076540643846122,379.0629346761051
851,1.326480362541887,394.6880387309161
852,0.3107395545951244,323.7075068424988
853,0.305823079802791,294.63904733937875
854,1.0406989527667878,424.7520667522061
855,0.2093947875359238,314.9230228781011
856,-0.9488682970216796,233.01649033980163
857,-0.6543168992230842,334.45238292088976
858,0.2950799597862399,374.53283498707424
859,0.6297932660599046,343.45104075564205
860,-0.4786735491999036,243.77959940507458
861,0.45425318515036217,357.9550287353219
862,1.0475785728927218,378.14308725107855
863,0.2890919409800353,367.0410149066703
864,0.1817089483087207,345.9649551893633
865,-0.8974323828566442,300.1855347044768
866,-0.045370411959291965,282.10365641206755
867,-0.3420107818792151,287.4931306089984
868,1.9302467674655757,407.9187505620955
869,-1.6052815195509946,158.45308961824492
870,0.17196425471545257,298.06303347126544
871,0.8916251175268084,372.0069401110269
872,-2.5960623967791756,172.95096107454333
873,0.16022426439163975,334.9299338742262
874,-1.2680690503770815,205.09936120226374
875,1.8560568664485682,420.2765954731208
876,0.40773430199704785,299.3536760850767
877,1.0571054344422781,367.66855396208706
878,0.07862408070240051,254.9105271225951
879,-1.4103507576806693,227.30596300927817
880,-0.8401490192933458,244.53202840535764
881,-0.5152852461064485,283.5747602737918
882,-0.6703181113768811,243.97558552589896
883,1.0320583803668448,336.26785309261527
884,1.0154054578125205,379.3086274838638
885,0.7007847957258879,344.3206947147611
886,1.569548064582847,414.75664187384666
887,-0.379810784047379,312.28393918528457
888,0.0474794480276694,268.80724346293545
889,1.091346952515329,372.7448343909415
890,1.5410299832779386,362.9698421227845
891,-0.1980749596235683,313.8348116129782
892,-0.3858503519708423,286.86399904731087
893,0.9485342486670418,409.65634109465964
894,1.3157097712451065,424.8525876512756
895,-1.588639050449536,181.02741712286127
896,-0.1070733343325384,358.6798269063447
897,0.16495455703336395,275.20713522236264
898,1.6726268084547062,427.523567539046
899,-0.36656043216571843,259.52558087556537
900,1.4229859527722433,428.7219070137037
901,0.3993254369795763,334.1281751455562
902,-1.3193390866508534,177.40304450455596
903,1.7321131851121072,419.9393802903676
904,-0.12097994925482837,302.6339827251133
905,-1.0713686714550896,195.91782644304578
906,0.08404446876740951,296.0274806151321
907,-0.9980556587715391,232.32075622820548
908,0.3826627262272243,357.46420088063593
909,-0.4986065665438395,260.83874156319314
910,-0.49024404379923125,331.46409665554535
911,-0.4507651031362744,306.0041662216415
912,1.5528072078665365,411.8115342910136
913,-0.6495941486260353,213.50534256256282
914,1.388647381631717,401.4981790901408
915,-0.05546876687944298,296.2034435107346
916,-0.7882663825810968,246.5800822039646
917,0.23802272847383138,262.8015830212545
918,0.9110619704996212,365.0353120029036
919,1.3131696205100751,380.65387938500976
920,0.5810733206206065,324.31669076905246
921,0.04690990675552818,257.9001087567177
922,0.3960240613023701,380.1722124889885
923,1.3181515541801367,399.4739618773158
924,-0.07260831396267549,262.5234513363685
925,1.0338007325554992,382.8036647659475
926,-1.0279258717642206,199.4363850441005
927,0.1645571628560962,288.47551458727816
928,0.9894190890550728,399.69364886597697
929,0.4362576043409168,335.82208266178054
930,-0.972849144273661,310.949712948511
931,0.4579966414982767,280.695715921363
932,-0.21920923766773132,263.10548054311784
933,-0.14426274554185445,254.29664161533077
934,-1.2656005376012107,209.0936431650058
935,0.767444238733573,355.1743092248809
936,1.8300091138130197,355.780958495842
937,0.37240949729518597,351.812510738914
938,0.9526949612766363,367.8605126703296
939,-0.524336102632456,305.9956724180163
940,0.7491846009241975,329.19006493774987
941,0.2990705295943764,370.19189313357407
942,-1.744193509488761,204.54630234855182
943,-1.9692628740518392,144.92818833857416
944,-0.4633929906546734,262.2584087374521
945,0.8718652175016266,350.1589078348912
946,0.9894148472858507,345.29816868067974
947,0.9919460223426778,356.5934081232904
948,0.8973140269220666,375.1096607369974
949,-0.1750270311659883,276.23360928359057
950,1.3370321440963355,411.3762360817617
951,1.4965293614260355,414.0858798744364
952,0.18649434877307466,337.21631059001294
953,0.6319794458091295,329.8763488497004
954,-0.8365493257963734,239.7098966199501
955,-0.3198166671673106,321.020013740966
956,-1.6798288588957178,170.50708101224805
957,-0.38336458015082797,299.9905384098443
958,-1.260191330435231,222.3406834721211
959,-2.397503976138816,150.77148429918276
960,-0.9500255347962833,289.4660702656638
961,0.5513421548060659,407.2973495967742
962,-0.45255766631820826,270.2998142231017
963,-0.8798130487131584,247.3971131920697
964,1.9296713186250312,466.7017501506594
965,0.8215173089989222,379.7242838016093
966,1.1986787224676672,374.46187294439494
967,0.2711315624877513,334.8142182730167
968,0.4309173591287548,347.2183909355691
969,0.8191019411046375,339.6072815578143
970,0.30015525383724,292.9122482568332
971,-0.755557277067708,256.0184040862217
972,0.06842655874188228,288.4020210037818
973,-0.896580615301871,220.89069146907121
974,-1.9200563488957647,181.31924050845663
975,-1.077403324709461,232.28814189534987
976,0.7646112966882201,334.23268272526093
977,-0.0780897990873757,332.07136811572343
978,0.27449257074640343,275.59280580850367
979,-1.0275156732178674,216.51007097624336
980,1.1776671263877339,330.5884165114975
981,0.6684881692058056,338.1919106640622
982,-0.8670697795627686,228.3457042836678
983,-0.9599149837120845,277.21485895897814
984,0.8839555741406082,301.7483944321744
985,-2.0969862767156786,166.06880502257374
986,-0.35357152666142744,288.2056785461228
987,0.7622380341957407,397.28358638528005
988,-1.21962569517377,195.37090209032496
989,-0.3630899064372582,246.83498429098967
990,0.7120509492248905,375.38187845226986
991,1.0662276712415928,356.40513893408104
992,0.3315265183521529,367.98721738320296
993,-0.6964936220333432,210.28077307993627
994,0.3478283868111814,251.2588489782813
995,-1.080096483157591,245.399698433278
996,-0.6528550647723996,207.11633869172465
997,0.23687769544296194,306.4051382603752
998,0.2703379257393719,322.8304616682387
999,-0.6602295020442799,199.7843485915729
1000,-0.37714942561155657,267.8658610541191
1001,-0.9675057502434558,184.78731269089045
1002,-1.7827756935754673,178.6597868185621
1003,-1.2689942560733918,234.5353916373961
1004,1.5675141434637165,374.39459649178275
1005,-0.3978788386617312,265.0323461593935
1006,-0.5933563949764882,267.3413616977898
1007,-0.47453711052472464,247.89349260731103
1008,0.2645340683169988,332.3025364914143
1009,-0.5111660166205718,210.92089472882049
1010,-0.4466548295775251,255.05265520498136
1011,-0.34964101978424195,241.81998282286847
1012,0.41016945080814626,387.8230857640922
1013,0.7787187664892314,350.7910227945249
1014,0.29563065498089497,305.88001216848676
1015,0.3246098059252541,392.01036825070315
1016,-0.052165291629840356,320.2852422438614
1017,0.6297982776957948,362.975952956682
1018,1.6288558180627637,411.8575718978506
1019,0.720865826209094,350.62080023444815
1020,-1.292658801311045,222.24325634644907
1021,-1.5015857507401984,180.5472899877005
1022,-0.6214931204745734,295.42570177770705
1023,0.40119807230690524,302.48293342404423
1024,0.35583899747282033,373.90147426687264
1025,0.5151203807540199,302.1115022251308
1026,1.3120365067494253,357.9170046396839
1027,0.3419136877095176,325.62108290403603
1028,0.7783528202732594,357.9991298482585
1029,1.456139242371103,395.21747250494735
1030,-1.12610018599184,212.13271901662517
1031,-1.0904331802301555,216.62738057881177
1032,0.7400888614718153,355.0009480249481
1033,1.850810168972202,448.0660208055509
1034,0.5859864359048621,359.45403588823035
1035,0.07187803937036874,302.6814725594521
1036,0.06791235738075722,245.06380154116107
1037,1.0627364666653065,384.12060119349576
1038,-0.22301898188247601,306.71049276257304
1039,-0.8928446636653478,253.14000834678404
1040,-0.5019177788520144,238.9973073840348
1041,-1.0368186639409402,240.75081020625882
1042,0.8411500597825193,369.91768974761055
1043,-0.7226621936743727,312.18883320755236
1044,-1.2101319761613385,226.4088796592357
1045,-0.6079835611701924,225.34137332194933
1046,-0.2766461272769873,257.4509281070601
1047,0.7025622240016004,408.5688523679818
1048,-0.36475444243656485,272.40608227080986
1049,-0.42147083331107177,307.28415007493425
1050,-1.5469055532292402,174.33079030138398
1051,0.95818797918821,372.2015248028416
1052,0.7257141531219552,322.33754454331677
1053,-0.43424449665104387,305.93787013730423
1054,-0.2627338282699097,281.44016783472216
1055,1.1763465817946228,363.2424452903516
1056,0.6131516784246442,300.91043830642275
1057,-2.6127909041253186,147.30170731571434
1058,-0.9849802336244897,228.30719478605204
1059,1.2493523463617866,367.47048673037744
1060,1.8638010621325043,424.6534446406961
1061,-1.3650171542843021,236.07222000553725
1062,-0.8200196116096561,225.47444980775143
1063,0.841008794931391,367.9242521674256
1064,-0.11489386424404562,358.3760354771161
1065,0.021527679559882062,305.2330354711268
1066,-0.9055276404436707,239.1689109927165
1067,-0.22852543073168877,297.14962879966754
1068,-0.8087627870250808,234.94247066741542
1069,0.8907649561731171,351.4159105239292
1070,0.4255305913978583,333.2271821387013
1071,-1.3010817581669263,186.25298049867888
1072,-0.049742305868199665,291.592705772649
1073,-1.0972780624190317,202.39527694140935
1074,0.4134509638251659,318.23485658637503
1075,-0.5562800612192723,273.7511464133448
1076,-0.36338021367412043,335.54970744015293
1077,-0.289095787657148,347.3598347859874
1078,1.0297057229902993,383.8697531913432
1079,1.288554738453981,386.0624982113586
1080,1.5713959841642924,438.15550680548995
1081,0.3948442093272043,310.35767475462427
1082,-0.2856621101325567,304.0086938563496
1083,-1.1604663189250948,199.8046234285912
1084,0.7058803308534899,330.1014370074658
1085,0.17573881890861837,332.90945775723094
1086,0.942437804029834,356.2891295489511
1087,-1.0543722021205906,190.95971326390273
1088,1.000218966704565,388.1768328407759
1089,0.3536221825367628,300.954290070258
1090,-1.8424329199610465,184.84699307218645
1091,-0.08194705182666534,310.934384592887
1092,0.030950979509301695,294.10598742853904
1093,0.3542273762411388,336.43393325952786
1094,0.2128301396782964,286.79937024611036
1095,-0.29705808175737614,294.5305745503788
1096,-1.347532513457755,193.55643650221705
1097,-0.9875432427502292,257.47070904563384
1098,-1.4894097013310104,217.99868572175436
1099,0.20931008385048283,308.751844333129
1100,-0.2026463246291819,232.302227748073
1101,0.5850842795017246,307.68733376439906
1102,0.5855993109298576,264.635791585732
1103,0.5065929045948423,347.81772312948436
1104,0.5154795307938983,361.11423057541435
1105,0.05183659778572737,278.4454462002531
1106,1.4018421987343948,402.5017777363662
1107,0.020305520730884315,268.4895046157827
1108,0.5384643382400316,315.90970585077145
1109,-1.479424681945729,198.34157011800696
1110,0.6754553436625048,351.65266487108863
1111,-1.1370615382091245,214.6639005795218
1112,-0.05079494461601622,306.89908478936906
1113,-0.5246273459284702,267.44678831197916
1114,1.5872692341101162,370.8090229802302
1115,1.524032803030159,365.14966508537884
1116,-0.28249016350252204,301.96581988606636
1117,-1.1554082795655651,241.37597913692858
1118,-0.2001718506206763,297.01854036041897
1119,0.06734386956783288,304.012933009027
1120,0.2794280245327373,321.6039315338653
1121,0.32238622081204754,307.864210025168
1122,0.7394479748694446,319.1808479739525
1123,-0.2277986170048388,248.0180739949398
1124,2.0133817922350015,423.71600790336413
1125,0.8925588622190317,328.4139008788135
1126,0.8795335048905994,353.37685303191137
1127,1.9298754140369143,397.24146552516834
1128,-1.7240502035381267,194.95420335725623
1129,0.12471295376821585,291.12065581516697
1130,-0.6177066479970167,266.91161884605594
1131,-0.9122968761418886,186.50287528512735
1132,0.11182047780156927,344.8336529851027
1133,0.35280056010840655,280.1332897986979
1134,-1.7835947993156949,186.46049810817823
1135,-0.2623238551840711,265.48133965897966
1136,0.6047647542910819,380.1996156701773
1137,1.6761854255764614,454.03609548227007
1138,0.7792145652142417,340.2581488438118
1139,-0.8728734316187378,226.7309150578603
1140,2.10778515279337,359.76660015270284
1141,0.24779219974854666,296.63309691070737
1142,-1.7421376305949654,204.70793423118135
1143,-1.0768527089402684,224.56047578983402
1144,1.1376768205479915,368.087032259785
1145,-0.9360097378289921,262.6514061505831
1146,-0.24672080681888428,280.28425001213316
1147,0.6380985834818252,336.4648899822542
1148,-1.9943356434051311,137.50605630882995
1149,-0.21420840849892792,218.36247939548826
1150,1.265974917971162,426.93226267515286
1151,0.1491613231433755,267.06794373688393
1152,-0.8589872706989458,249.260640839793
1153,0.5456699950930499,379.0357394104867
1154,2.418140579183917,437.3524880647301
1155,0.0395126866933667,270.81608505231384
1156,0.4483061775844313,288.6349986064676
1157,0.15607753177857187,321.61525754623256
1158,0.7078594389847359,333.9888397526328
1159,0.30592194744178414,310.43258004205376
1160,1.0899407482147982,405.4885719105981
1161,1.3208727729836292,375.4685103568422
1162,0.7554139823981354,333.509294228959
1163,0.5625522926282494,322.6983186342747
1164,-1.3192154575728252,235.27691326500397
1165,-1.7353488744703927,157.84740986587448
1166,0.05147786069553115,249.5824343667924
1167,0.06338342659156378,330.2248304923314
1168,0.4426019429930212,316.9592288747106
1169,0.5622428995638084,362.9144658126056
1170,0.47143516373249306,337.97066538234395
1171,-0.19547241269675866,235.56254380845184
1172,0.0899015732727284,319.871738754916
1173,0.4366730443882153,376.19156440004315
1174,-0.7414694894279271,286.52088809687245
1175,1.0327232157358608,387.6329073082428
1176,0.06052134161579521,218.45323525839882
1177,-0.7037176105934078,295.44433201413113
1178,0.07788802802787388,295.2627638483915
1179,0.765665358162811,383.06712807517266
1180,1.4543434763906329,438.36229857078183
1181,-0.8035337179568083,218.9511953922232
1182,-0.8969041706975123,238.08514205778383
1183,0.39367276610093677,355.7358083130102
1184,-0.8542281531544925,223.42213540578027
1185,0.17203736635766856,299.5039496013827
1186,0.047071635325711084,299.18757290783736
1187,0.6078621862094797,328.7271871662809
1188,-1.0680976832962814,234.61321754812025
1189,0.3131499984495429,288.9882396503232
1190,-0.12841678391824568,255.79765366580853
1191,0.7974354194278735,370.0507754685609
1192,1.368220262225958,449.64917119481083
1193,-0.1833933053770599,258.180729055951
1194,1.6415521890288047,389.70834047324126
1195,-0.4303100938766455,277.08780070564046
1196,-0.5864646217583874,267.7127027312236
1197,0.9697981607839775,350.63855757751566
1198,-0.10476112306710425,308.6709186140038
1199,-0.5793366572156923,309.90322108737587
1200,-1.4094317399227687,206.8948775925454
1201,0.6523780867584091,363.00636616022064
1202,-0.021557883623027695,319.53946492298934
1203,1.6137850971757342,405.0755265945882
1204,0.023557610392553562,324.5935719067154
1205,-0.8517454094255587,211.06678308285296
1206,2.364697549348695,498.355370263145
1207,0.4599295396846927,339.9329024473202
1208,0.12031178351513229,280.36064628767394
1209,-0.5056281368553066,246.31317368782362
1210,1.6117222924558978,443.4112534739377
1211,-0.31244217715639994,297.0707497545119
1212,-0.961602240881236,211.61272558054924
1213,0.2885813223432078,347.7921475548741
1214,0.23058049991323532,334.8748950713806
1215,1.3937631763217908,377.97242109224896
1216,0.010685782511001917,298.689954974062
1217,0.44747372371647665,355.1272674720714
1218,-1.5861363032929552,207.5952319477211
1219,-1.1955237416669708,239.3646042167564
1220,0.764705484404578,327.97311309360407
1221,0.6854480774980259,328.4521938843907
1222,-1.8184989903916142,144.81724042485376
1223,-0.923830720176923,274.21370300258195
1224,-0.9528030215809088,240.07106967205343
1225,1.719957052964099,393.46929161779303
1226,0.38453910919426754,328.49440191064434
1227,-0.8811117326479355,266.4733263448102
1228,0.02460016776595834,293.2851819105944
1229,-0.7037774143464098,269.9031878893184
1230,2.069623321456023,379.8487222417328
1231,-1.2236683322867823,236.6325464397276
1232,-0.8214819749769189,247.56685933123768
1233,-1.0516278594652122,196.47457785120082
1234,-0.4635043409030262,248.25541724390752
1235,-0.673654915884391,248.65426901495033
1236,-0.7618194555160586,299.8453393323878
1237,0.6800761024699103,356.150678913296
1238,1.7316301950572073,469.34022219272583
1239,2.02099422535066,403.71957727831
1240,-0.43147373982918175,273.00865416271597
1241,0.488360812855723,366.9036140008348
1242,1.751967303927003,408.9997675497881
1243,2.4542187458687965,453.8426637494432
1244,1.9087796580911864,433.84009852484667
1245,-2.5318833133900305,106.84043592000364
1246,-0.1470481132236988,278.7702560252082
1247,0.38186484382503133,384.3750039105488
1248,2.1471517658059245,427.8956140376238
1249,0.16392040537006425,299.18396848558297
1250,0.3374376536139724,317.94163509098627
1251,0.6836028225972116,317.17465810497384
1252,-0.822618318710863,307.6142864035086
1253,0.6755540851223808,335.05169458719445
1254,0.5019653183645826,320.5897018869463
1255,0.4541326556924319,332.56820574901815
1256,-0.024494857264497627,319.13087253183863
1257,-0.3978402281999914,319.59313483704125
1258,-0.2356301292960787,235.0951379745806
1259,-0.48902205827370954,292.77212793390555
1260,0.16452954293239852,329.14206922319215
1261,-2.12362024909293,190.6731556815372
1262,0.9169762830692352,396.40037404939704
1263,0.7879646831376144,352.47277956440513
1264,0.9718668340412515,377.51190395970264
1265,0.5218485421095229,304.2922891269993
1266,-1.1393411671332951,191.27136591644785
1267,-1.1509530656259641,241.8618071591218
1268,0.8891574940728737,296.3665186351938
1269,-0.7663148566790258,244.35934907220033
1270,0.7978764964211627,343.61779805178753
1271,1.1043515698603126,422.816255439638
1272,0.5132615340882966,291.69861599033743
1273,-2.0786178937021753,144.69613036794766
1274,1.6594668350245965,482.5475735418428
1275,0.9551299189232728,367.9984277350316
1276,1.2738040485620663,382.24132923098995
1277,-2.251213065289845,143.5296954860071
1278,1.9809104929457828,421.5435592308686
1279,-0.9101238456951419,261.26326443555337
1280,1.6782096684132137,396.83186173999445
1281,0.3457840256500269,299.5494521754165
1282,-0.12139461101379515,283.02306208786973
1283,-0.17429815275208735,289.32234871407974
1284,0.5017557989907293,339.3472786394108
1285,-0.17826619813119426,288.1165179954826
1286,-0.679804530125315,223.76728784159866
1287,-1.110652830418668,206.9091350517366
1288,-0.2664635297650493,337.8177782876929
1289,0.7042282254621743,368.8131718480796
1290,-0.2951444138246174,323.76009448926385
1291,0.2139230334203661,331.8112126737312
1292,-0.7274143817732619,247.62108009839855
1293,1.9570035817404703,456.30854287754676
1294,1.211116288099381,380.64576794706056
1295,-0.9321018601174841,244.92481300080865
1296,0.2420064956731981,329.161193055118
1297,0.33119818801148354,384.3576083731652
1298,0.015696372114428918,332.5668461559495
1299,-0.7024316022689704,233.7057705147871
1300,0.19091532051019103,320.88633135646444
1301,-0.2973845710076038,277.9622401463519
1302,1.608318815190555,410.5491691503885
1303,-1.3379684019509706,194.39011240631515
1304,-0.2779593857816089,267.53506722869537
1305,-2.1969217399884924,171.4798238693603
1306,-0.39188651962504034,311.7651888940322
1307,1.2456099371478462,374.36492883565546
1308,0.8416407443295628,366.24101960091775
1309,-0.4145048435321895,286.7981586382305
1310,-0.08714292763347854,294.584035381998
1311,-0.711763631312299,344.4829635297957
1312,0.6287758265382943,356.8851384920753
1313,-0.7377010525597691,295.0765828983327
1314,0.53424675425081,332.28283741137517
1315,0.6667516134294499,427.3052865721735
1316,-0.40831076211055395,338.37027538896564
1317,2.6377912107038637,457.16337546851366
1318,1.2245743551261743,327.24191184893266
1319,1.1539222406122254,389.96769487999995
1320,0.9449449313244788,319.6129743631844
1321,0.5868386021149908,366.21027379516903
1322,0.4315681264740078,269.7418162032726
1323,-1.8046330675685784,190.77235386825026
1324,0.6334358361248987,366.3391518944376
1325,0.39363291668392697,307.53028908295397
1326,-0.1336742103217792,267.4874778627817
1327,-0.2864254139357557,280.494484396651
1328,1.4353870862526215,453.47795380650587
1329,1.0589691875711504,353.22621151054784
1330,-1.8614240143421334,161.23921150461436
1331,-0.7485279533390595,280.1637206818985
1332,-1.5601488888852328,232.9345760153779
1333,-0.6155606163888001,299.11935753883864
1334,-0.9067375775382377,244.17187217380155
1335,0.718805761142222,305.9658073088672
1336,1.0722987644759496,394.7381078277065
1337,1.5727427457558043,429.2793364182693
1338,0.44850974251240683,304.6209725273525
1339,-0.6410597741081536,264.242239692414
1340,-1.8104296677951879,196.19159860631794
1341,0.7577097291811645,351.21734873844764
1342,-1.8155576924320858,173.3125973478799
1343,0.6498153333949213,334.12400346564226
1344,0.1934642338198724,320.682861287798
1345,1.7096560949798731,418.6407862472675
1346,-1.6797914849149362,221.5164774799383
1347,-1.8625686534341959,192.75795334127724
1348,0.3704727933793549,345.1466661154207
1349,-0.6818813054911307,215.77459358102095
1350,1.7114259970115762,431.2825976585368
1351,0.9889637830869817,333.8840961864893
1352,-0.758839123761631,221.37489178594012
1353,-0.27559363376768226,275.2347804603736
1354,0.15592326145312668,358.66151827529484
1355,-1.3838596588402052,265.7084088471378
1356,-0.9636316533890932,197.83140853190696
1357,-1.2700634783862885,266.74638937761875
1358,-0.4752521131418734,280.4844631191552
1359,-0.6673312822813762,227.57467981967557
1360,-0.44699048181139484,223.86724346506895
1361,-2.17891956228811,153.78542310752417
1362,1.638962314523427,441.76679634826985
1363,0.6204354755517832,386.2167905730249
1364,1.1887470109050349,366.9666609842219
1365,0.7006001855655317,331.7968069486568
1366,1.1341571652425653,340.94523368773605
1367,1.4997582235775866,377.40563635974706
1368,-0.9106031975678576,280.4937751984217
1369,0.30662998611806924,272.7411302478673
1370,0.8183481023464054,329.44886822929146
1371,0.21112708032840474,325.50438308813574
1372,-1.3852224715141617,207.7211455175044
1373,0.6806560043814565,339.04254498282614
1374,-0.5556926438325501,239.64688955047805
1375,1.1333790980484046,337.2774736526007
1376,0.7066009400394595,372.7940020810079
1377,1.0295744870694767,366.5203817856151
1378,3.1096353504069594,502.5887496302066
1379,0.75568884284869,324.26311153049664
1380,-0.9079465798864168,259.460312164187
1381,-1.3712607139555244,203.49577234209065
1382,0.553776977863366,325.4497181168149
1383,-1.5221795568231706,236.5724938827543
1384,0.05057075199555,252.77202857935183
1385,0.18987262213113995,338.04451374534017
1386,0.506743290230108,276.382286635505
1387,0.018289191349219306,305.5928996569564
1388,1.1357756101901835,375.9421460993169
1389,2.0751854067317823,472.0461642502877
1390,2.0978007807716916,425.1450393302573
1391,0.7436871197925536,435.85105228153554
1392,2.4814584228756535,455.9594727537011
1393,-0.16371119657423003,267.0904785803723
1394,-0.6382100575533082,289.6347414074122
1395,-1.002755217016917,250.79464017479603
1396,-0.8636711320523666,212.67054738759845
1397,0.2721639657384405,249.6551379553461
1398,-0.8070091295928943,253.61089660621516
1399,-0.12209157484767426,288.0225855654139
1400,0.5289444088560467,381.83688483401914
1401,0.0026980464037958595,361.9452327892342
1402,-0.7399211862796835,235.6473199388872
1403,-0.3878147409362679,294.34311897421696
1404,0.6786296737098565,397.3576950563544
1405,-0.22529738563835672,231.31423690268895
1406,0.23279777475806127,321.6186992181082
1407,-0.6607308160886369,232.41667406579538
1408,0.7961557907824023,308.4584224288754
1409,-0.5273122406197597,227.84748307654144
1410,1.0389554757038926,402.11409088739185
1411,-0.3126518960917129,272.4405865727398
1412,-0.47001481339778667,253.40903204231634
1413,-0.10969945837725566,285.78904540610307
1414,-0.955683515590636,216.72702275137132
1415,-0.12851239742110507,328.0450233672926
1416,0.20670404514797386,303.60674970221504
1417,-1.9410283554719527,147.71242900648346
1418,-0.15998365617495094,341.32930392673404
1419,-2.119596982319414,199.47999438565364
1420,-0.09443480774144415,327.1255651921175
1421,-0.8341233021449704,179.18031849399773
1422,1.2025879645408968,366.4599145082795
1423,-1.3949057189618417,179.9519293912756
1424,2.6519991181342113,478.5006433510217
1425,2.1337760762638616,428.62102272542427
1426,-0.2757737286563052,252.77773038425823
1427,2.0798442368337016,418.2497057507038
1428,0.28898938758075404,331.15206646586563
1429,1.8415104704715601,364.58241578153024
1430,0.26477793369601654,339.06409249622254
1431,0.5130821444669919,350.2099426940283
1432,-1.1353398688467107,205.99619977593125
1433,-0.24048253675834233,305.34696761094335
1434,-0.12294749468993671,318.4036551134361
1435,-0.2883631824527201,293.5775637400751
1436,-0.2427712711003623,296.6059191301268
1437,-0.3202038822408791,269.6622852572252
1438,-0.1488491864736928,284.8921602468983
1439,-0.5075722847087757,238.08236765414878
1440,-0.3078667459168953,305.4262207804097
1441,-2.594654269661883,125.22046148966143
1442,0.32753233118239405,360.4395262561251
1443,-0.4245967436854538,265.9776751617618
1444,-0.33350244043324745,268.78063822754393
1445,-0.7441002136193985,273.0562618703097
1446,0.8588504285990501,337.32230508984077
1447,-2.226117620977587,187.8374780977714
1448,0.8410296980606171,325.38932299083194
1449,-0.6133974021549207,261.79749978763374
1450,0.7515034769028561,312.92191435302794
1451,0.8896634154552829,330.48691670110605
1452,-0.6349929458061817,270.898641901688
1453,1.0557521639658634,385.78145210674927
1454,-0.47449035408795415,305.20093322458877
1455,0.555877426385625,335.74779779522055
1456,-1.5553317365088708,242.5109617059346
1457,0.9081568047560413,353.3118055390025
1458,1.034399531891664,381.83247504793326
1459,0.96317788543876,356.4409965352072
1460,1.3852548761892063,368.07246907001155
1461,0.3153589234836647,292.58925709250434
1462,-0.7489046986434966,270.61221746611625
1463,0.18110670762463435,305.77343122726654
1464,-0.458281234744787,237.45870890359942
1465,0.7493338371828229,318.96168570461697
1466,0.9564336213624491,406.3337608198856
1467,0.5557337885446043,338.16610109695995
1468,0.044471923245661134,310.0870925683974
1469,-0.7578505995039082,256.5870475708242
1470,-0.2650718569446505,314.0093460062932
1471,0.9540316671351478,328.12012427118873
1472,0.8533092404516831,325.17211587297413
1473,1.0075650455154623,325.67342816647437
1474,0.9828178292431048,398.07814192096106
1475,-0.20849876310587975,223.84604334940576
1476,1.0655015019548215,376.2989632326883
1477,0.14335455817973639,270.51093764676335
1478,1.4089720263836425,403.9208240600513
1479,-1.5082892596916835,198.07791267216476
1480,0.599962085981993,403.78466276910046
1481,0.4334354727442633,387.6587379965406
1482,-0.1761213310852474,282.8132375820675
1483,-0.4958330052131627,259.9618445919166
1484,2.1710430692093534,446.8345979433717
1485,-0.6350482957789884,266.3600162628506
1486,1.7988733006782298,427.0781962025772
1487,-1.4257947334380214,252.82960157276153
1488,-0.6359711784609213,265.6897193194997
1489,-0.23583064019062738,306.03739161274694
1490,-0.4363401053340801,243.79418745424425
1491,-1.7122739244712557,194.75413832261336
1492,1.4891664262942452,333.55693449242176
1493,-1.0739210599237325,280.77680764886605
1494,0.15330679325048474,331.6094568059936
1495,-1.530892108386614,185.73616424083866
1496,-0.5714553510797893,334.9979462819084
1497,-0.11204894302787052,282.6880329114412
1498,-0.6567958804642327,270.9945086493384
1499,-0.0016800998267481788,293.8936123574725
1500,0.2586704644560386,401.38179340725037
1501,-0.6289509748030468,231.88109043022106
1502,-0.4740208901256851,291.1519322166679
1503,1.2990825737762788,399.91937262118813
1504,-1.0635494651955222,210.1136800519453
1505,-1.955976676182341,203.24914870543464
1506,0.3341259870197321,325.6780328744679
1507,-0.8089413086779647,242.34181986198436
1508,0.7059271815117,375.1566517953752
1509,0.09332017110852275,311.75594178297064
1510,0.7673687357524115,311.8884899871463
1511,1.1950561396844794,405.3317703882997
1512,0.14474154261820477,261.3442749397183
1513,0.03168205242632887,264.41374063513354
1514,-0.40064420205997625,282.5502048190355
1515,-0.09202970497549351,365.2590887790966
1516,0.20024796080692478,336.8527828333376
1517,1.5802851799254127,421.4253677148345
1518,0.7059179864199012,378.857259365397
1519,1.3217173879162736,342.9109199243926
1520,-0.0500591897138369,255.08990065884194
1521,0.22458577076489658,349.14385257954706
1522,-0.5600929458770713,337.2620660505981
1523,1.2086187221714337,391.5030024858009
1524,0.164857621973513,298.53124531604607
1525,2.3889139345594184,516.9468630004598
1526,0.12844478591025377,272.9162510336777
1527,1.2524036754618113,297.13294055366305
1528,-0.8212000497348988,233.69448605755508
1529,2.118333460351792,466.8556861962622
1530,-1.4018507981612969,178.25541014021707
1531,0.11543222568465579,322.44229536556554
1532,-0.2171991251446381,319.72109178191664
1533,-0.10692426722026697,315.90198709257197
1534,-0.5928860038389254,271.9474407197091
1535,1.3280163476072988,401.6100787688394
1536,0.8380485839532836,335.1988249386249
1537,-1.2496967727943529,208.90654537058748
1538,-0.36808514793665126,274.9868204263043
1539,0.5175313294139895,366.64537298701714
1540,0.8871629403077386,370.25148897519074
1541,0.12227343425882888,288.05601130087507
1542,0.6708259593192185,357.27570690439387
1543,0.9959929702457525,357.0026285211029
1544,-0.3337447706635678,318.21061280958395
1545,-0.6707133283158744,233.0394956660844
1546,0.29975040348653653,324.51939716399056
1547,-0.20568007088166146,237.37777347415508
1548,1.5970005940745684,430.9848564450613
1549,0.4872101346078452,290.0076354201073
1550,-1.1051915914797859,210.84717612617908
1551,-0.8490095099068151,225.52058846371034
1552,-0.4109874780183777,222.8109785384911
1553,-0.3389292822418378,256.68132870687344
1554,1.6133349220114617,419.17164023189446
1555,-1.4458100770443063,234.42206104138302
1556,1.2112079379672898,367.286377320413
1557,0.029016553223402502,291.6569596577205
1558,-0.26773300432054037,284.75725618362446
1559,-1.8229324878347437,168.05915659204385
1560,0.2010931296266946,281.06832259409225
1561,-1.0552879036516567,195.19886724570603
1562,-0.12713045607576656,259.3448778680527
1563,1.2103837049045143,362.04341165812707
1564,-0.7675489418365579,302.81112977653424
1565,0.05237593100022032,284.5343846730293
1566,-1.5822079984310626,204.15416194985443
1567,-2.3340467456314773,182.71297666789164
1568,0.4136135658170585,369.4709306235464
1569,-1.0743454438399593,288.0459476463367
1570,-0.02159784664665048,326.658685438124
1571,-0.18217541166573417,323.2215795459229
1572,1.2420059820972735,384.99482247979995
1573,-0.468651691379156,243.68097705734334
1574,1.1768124501049289,395.4475000477477
1575,-0.9686513965922573,212.42010560663385
1576,-0.737363333384284,248.31048771661682
1577,0.7607472623817266,315.23435691582296
1578,-0.4212656827400207,253.14106174262744
1579,0.03285135206005782,306.63761199910886
1580,1.0459382556276653,379.0255093003333
1581,1.498569955138537,450.3140010610316
1582,0.0037598477954959237,324.7900379844688
1583,-0.05669571649092953,235.55110113381357
1584,0.15263055220453448,377.97646062451133
1585,-1.8607712152421274,185.32297724317715
1586,-1.2694318590858544,155.08598706053957
1587,-2.14785503764361,132.37035204745501
1588,-0.7558621756229088,301.85230244494346
1589,0.7189049215428981,371.30273275224175
1590,-0.625888706466102,305.79954475189925
1591,-2.0852656421201097,216.83989565773823
1592,0.8893864417154209,351.12088506638065
1593,0.7084741210544878,293.3956930314711
1594,-0.42446671286333926,259.6635592769328
1595,0.6166208035641588,347.07712035008313
1596,1.0540450911893136,330.0122153549237
1597,-1.3718378731166938,232.69301201025408
1598,-0.1686991122175147,283.2663403455306
1599,-0.6405535257082112,265.48202767538606
1600,0.2211238672688511,327.12247277815754
1601,-0.06124629986631457,343.4353728829971
1602,0.5927584465506688,351.10338983282566
1603,-0.0355130252781402,331.1269500425117
1604,-0.4723808755437636,277.9413103167065
1605,0.09911201694909029,342.7220532260096
1606,1.4663513758566715,357.92415907405854
1607,0.2682004879637708,316.42443668605927
1608,1.1786198878217367,371.5329614088756
1609,-0.8935585462133503,223.80618609070387
1610,-2.0803222602255387,213.20047629505336
1611,-0.7530412824561289,229.3178382333389
1612,-0.045519127013381164,285.89955820536017
1613,-0.3693106199094617,269.1814969787075
1614,-0.06924901842188431,287.2681792322729
1615,0.8227753737653734,321.617719271843
1616,-0.18596637081344913,237.78423402268277
1617,0.5973709182589555,371.16009128918427
1618,-0.2757459716359816,292.51772349711024
1619,-0.3002271019907044,263.89432502092257
1620,0.17509136091047575,357.27644855194967
1621,-0.5491267575225652,294.2963050874127
1622,-0.781105283625392,280.0660657421141
1623,0.22052249798719437,333.452728348496
1624,-0.5882267282885189,224.3189537393235
1625,-0.04174551326063229,322.384837377685
1626,2.295963805404082,499.6223861242944
1627,2.4445597942566755,416.259751638372
1628,0.33872873293628236,298.6675377061033
1629,-1.0274688471736129,274.71313484654763
1630,2.6429226847057117,476.13931622537973
1631,0.02369009735639273,309.73970446858317
1632,-0.5623654177184856,294.64004709859705
1633,0.15487036534807186,298.3578723867565
1634,-0.9984064955184256,258.24999544742906
1635,-0.6519191171544244,205.27245299829542
1636,-1.2080155928296474,275.067757177389
1637,0.029561951937617355,301.62025558511294
1638,0.8762306631541379,395.9193625287942
1639,0.25295849588333047,305.7584276657251
1640,-1.8977106282505025,205.53862631200585
1641,-0.58093512839474,270.63996875695256
1642,0.4579471619870794,331.52347102890883
1643,0.3540203321992379,337.54858302323646
1644,-1.0499986848586722,220.10536439792816
1645,-0.34022586976460656,272.101117575221
1646,-0.28117080232204433,294.13836525135645
1647,2.2035145562945293,428.6922564418886
1648,1.7641194697023597,354.7368252631071
1649,1.0830198080244886,345.09705156254904
1650,2.1158507289245674,472.697953797519
1651,-1.5200621998509434,221.22162411874262
1652,0.570309900504869,373.8013578917826
1653,2.103882901629114,362.825892789066
1654,-0.5664459304649568,272.66720876387745
1655,-1.1070422144291665,229.18171901841407
1656,-1.0798429071720486,226.60313201524554
1657,0.3495667716276656,314.41367918998736
1658,-0.6073651119871336,238.49271665070015
1659,-0.1824419843989386,319.6825207071613
1660,0.7650403689034372,378.6995091937607
1661,0.13851720390059455,292.18000548258647
1662,-0.5441082699596657,252.81716681687158
1663,0.25230587655188325,316.73971075071745
1664,-1.8721836112668646,212.77683679396435
1665,-0.3974720607662355,267.8883845309009
1666,-0.2044057780888137,297.652835626739
1667,0.8392407532009157,341.406986932319
1668,-0.12794894211963254,315.7796547841045
1669,-0.085673016474234,285.80891697762934
1670,-0.16113690824405888,220.04047785444794
1671,-0.10465157484776595,289.305312881582
1672,1.951103236540061,450.8838104834474
1673,-0.32822260139740705,273.6903937253276
1674,-1.0285511401092096,225.38775203916634
1675,-0.12762876675591556,337.7842479067576
1676,-0.045787582212742484,258.27339417037757
1677,-0.2968382699098536,287.4256939281071
1678,0.36320976100296887,365.2192141389344
1679,-0.22911860610098936,270.20032558690355
1680,-1.1169783859357703,237.69637206132242
1681,-0.2783674615930086,287.0596053668453
1682,2.0118420191461803,473.4974475355284
1683,-0.4955874612023268,302.89620680999684
1684,0.1911699128232047,327.2260163962942
1685,0.6472145518303672,318.8865536469521
1686,0.22598548673375538,337.63777644871874
1687,-0.274831925963859,322.94677324983616
1688,-1.5533423394310608,179.67047040164834
1689,-0.5384587151848637,255.2506973657062
1690,0.4144350112798109,367.0424922487992
1691,-0.5638902404112554,301.71012222926686
1692,-0.7613824407319749,252.89250752406952
1693,-0.4880115230424559,281.46765210702506
1694,-0.29633628369982323,229.9242507813426
1695,-0.11601728545379246,251.57916253626092
1696,1.1818184840747838,382.32349875576335
1697,1.5716609971652493,381.10954277463753
1698,-0.4300956908764876,308.66032525140326
1699,0.02011850823752418,316.6108308667483
1700,0.13968327403129469,284.7677730917816
1701,0.22129657503462105,291.16204210865175
1702,-1.0025626707106647,259.32526651619344
1703,0.023361051696536957,319.97426668707095
1704,0.23845918801350457,364.78976301998
1705,1.7303155195063402,416.5191208194134
1706,2.337598482195056,467.2498153724946
1707,1.850397801609901,420.4718169460557
1708,0.3120285634559369,357.7853780395611
1709,-0.1831085401789987,347.8085416507216
1710,1.181944105999232,348.10244119791093
1711,0.4334733933886641,342.15335178306486
1712,1.0927410572908394,368.2539061055783
1713,-1.0316388687119553,344.00383041422606
1714,-0.16508804781452002,239.93915580012572
1715,0.0235045858853947,231.39454082113053
1716,2.0078429507780005,434.10415078550244
1717,-1.710715324029529,194.47316204098342
1718,0.3938922629126754,303.85144272038497
1719,-0.17539274109078976,331.2723452613384
1720,0.270835848826804,300.54532582156804
1721,0.36598670110297515,312.00186034645776
1722,-0.3640099563071088,271.38978693691575
1723,0.14440846402195198,323.0411436051064
1724,-1.0819792183881822,272.3401063688568
1725,2.1225899596034625,422.8112550455297
1726,0.9777184315078143,359.88371978313313
1727,-0.629157452422495,274.4637406483616
1728,1.0501136937792215,394.61225979249025
1729,-2.441670740242832,125.47762446741629
1730,0.0005873380366202194,265.7726580153931
1731,-0.9841762257860103,170.0206682711424
1732,0.3433474065150906,323.80115120282073
1733,-0.32279480560829565,329.8240547429822
1734,-0.6559693441389339,298.67614213273595
1735,-0.07034487710410242,282.91839732901366
1736,-0.022460873511426515,314.3946053670009
1737,0.13337096219412198,300.4063844656265
1738,1.4951671333343703,344.47022974234864
1739,-0.2687587064700668,296.52933634544206
1740,-1.7243930789918331,167.73291642543617
1741,-0.10281429468501402,311.76803115782553
1742,0.09988207650262723,288.4871496164663
1743,0.6742820608319336,348.46251454929575
1744,-1.1715411162785927,247.93278593474108
1745,0.036141936684072715,357.6708485605518
1746,0.7165079120346414,368.17103013862004
1747,0.41058809177784245,326.7285195871669
1748,-2.019652146662179,188.1146848802947
1749,2.0306036208387996,486.9330219299961
1750,-0.4350088924532626,320.148347848591
1751,-0.11160123769916606,250.56451695895532
1752,-0.025348902062768783,311.9576964825976
1753,-1.2392335762588358,218.72288502244825
1754,-0.7817084487479097,262.1669528895674
1755,-0.044046891846643565,253.98388146328332
1756,1.3054873137201013,398.9033550402819
1757,0.371283600076078,320.14564827038646
1758,-0.08980445556083116,287.1735433588772
1759,1.0576331832046142,389.08802144194186
1760,-2.5308579773773405,169.57940052034465
1761,1.4327069684260973,433.20508517548006
1762,-0.8244687862932972,214.8756965362287
1763,0.6768147022091092,387.58450519112904
1764,-0.9599054583417603,253.68317292646162
1765,-0.6112816747957622,265.1222428759501
1766,0.5711487534631029,326.5403718500162
1767,0.5448108887817507,305.9280501772523
1768,2.511214813564921,486.1958924271348
1769,0.2969830580357393,319.2746553184259
1770,0.5534389109567419,334.6513887225625
1771,-0.49674493786490903,272.9275048164456
1772,0.48010336352727195,367.516314982976
1773,0.2081278896527812,327.9687666776604
1774,1.1055869627971613,404.8959609828053
1775,-0.5451694680006833,263.757260043711
1776,1.5102550011408555,400.81316078632267
1777,-0.1575809237790205,289.5301958963245
1778,-0.6245894793017125,273.04615906788615
1779,2.390960515463033,447.0346085282713
1780,1.0159978401232488,366.69920544215023
1781,-1.0601286947739665,195.11356242490393
1782,0.6982002070192113,354.7686430922335
1783,0.1722557333574618,335.7245787317077
1784,0.503591759111203,333.95423089517186
1785,0.3364890211021921,336.4370709803028
1786,1.2073482032456735,376.4522194554146
1787,-0.19791075971583402,311.4503145772549
1788,-0.23394404102002794,314.015383982412
1789,2.0892535178245946,461.5697141452729
1790,-0.3601010468635248,316.74279695096897
1791,1.9107594272771828,382.249953494894
1792,-0.34776318020899805,312.77685887490117
1793,-0.42782610997202053,271.4301029654177
1794,0.6562382063047018,346.1857850551522
1795,0.21188338677770105,354.8365632209554
1796,-1.1109249057792236,201.75181570678728
1797,-1.0361773997113255,184.64090547703387
1798,-0.3484809683247863,289.5076555530154
1799,0.07214886239228502,302.22094930156317
1800,-0.781816088073111,229.06140250492632
1801,-0.7404690227807179,251.52834660194225
1802,0.6638579615549532,354.276225174157
1803,1.3919861934464073,358.15764934556483
1804,-0.17177732497766232,255.55004347103431
1805,1.1908243175819366,370.5249185022189
1806,-0.886283148724009,214.1349886806223
1807,-0.3781952626733465,277.2754489632764
1808,0.7478368403067577,343.75874259414763
1809,0.3530564478910547,339.78236212564565
1810,-0.23833536546732603,236.84187047604684
1811,-1.539720954428573,215.47256293958674
1812,0.04656189059276359,342.2205290090947
1813,1.4580106576739889,440.4901347260722
1814,-1.2811082751440426,262.6090614807152
1815,-0.6393255052447048,291.3954693397645
1816,0.6659818403106037,333.2162569573335
1817,-0.39127020083745107,283.0172787450333
1818,1.769100570312561,411.28406851616876
1819,-0.7438303679362013,254.87861667392164
1820,0.6697599912207146,384.13471876832
1821,0.04826420692565666,307.6083121309788
1822,-0.1908579100539439,305.052687155623
1823,1.5530442101111288,411.6857230796759
1824,-1.7708719581547259,173.39439792048898
1825,0.8289514014172079,353.78271911983757
1826,0.6543699002701612,349.53927972013344
1827,-0.9161102860088802,249.57646667700067
1828,0.06308453895730506,331.7770293878769
1829,-0.9733422132310651,252.16443507152653
1830,-1.1526591092509524,178.29968989425134
1831,0.5141447133892467,316.6871228729742
1832,-0.23102356637828622,303.3686183918512
1833,1.2222522419256168,408.67226249367553
1834,-1.7218513978113108,196.06811281563762
1835,-0.07025707016072326,329.5786777480585
1836,-0.5723023507451587,277.58914106646756
1837,-0.04510863102226869,274.6674118630626
1838,0.12384201643823771,303.9466269871833
1839,1.700769505670963,391.09716667966745
1840,-0.21933753868694267,292.6063073488865
1841,-0.22415901631674995,244.04963776957752
1842,0.6478541535753809,359.39492246771033
1843,-0.8406493439809086,266.08320549239454
1844,-0.7246823330681339,269.80485087186963
1845,0.7491638059190651,341.3565613968168
1846,-0.5425795169067793,227.57757395088393
1847,-2.368892931279029,124.16427363213276
1848,0.005271827449651135,273.64573193942033
1849,-0.8929768107587858,239.2904958092965
1850,-1.149298768674316,268.946494349811
1851,1.5167183269119553,400.7204199503741
1852,-1.6046481133883537,202.63587214026236
1853,0.061640527895612696,254.65434520432441
1854,-0.9262543135302259,208.84589586669983
1855,-0.2990162929660804,269.2069868926762
1856,0.053776688131704345,298.534992429478
1857,0.6575858924331783,328.2456377741614
1858,-0.16069866319929507,358.21634546845223
1859,-0.6063673284453125,291.2074976093402
1860,-0.16063982952151423,342.59996405649315
1861,0.20145146638225445,292.40000741270376
1862,-0.9543871393005731,213.25391486722944
1863,-1.4876606079243513,222.4164234793392
1864,-0.0719665766900638,296.86614755924967
1865,-1.3394111207653079,188.9468361987116
1866,0.2970484291574556,287.9391338399237
1867,-1.120520993992725,271.0844918615021
1868,-0.7765863556246633,257.9739822654957
1869,-1.9895432212112902,212.13937551522503
1870,-0.4189253622278274,269.21861168953524
1871,-0.9222382539247692,239.6671770876561
1872,1.2091358084873127,380.9946254658735
1873,-0.9858043044946904,238.0303158262325
1874,-1.378281685990909,202.94318066869852
1875,-0.5892856890062176,282.77730068070105
1876,0.8754755042743244,335.4716308333857
1877,-0.6351549661597865,260.2553575287376
1878,-1.3045412108969867,194.8980789367173
1879,1.470279951802613,399.98248107739585
1880,0.7488700674029998,367.8627606632532
1881,0.2685148227050607,290.3103148846548
1882,-0.025293502352399383,267.4225375221487
1883,0.38528553640270174,341.9500926211227
1884,0.18853062859763994,344.8597878677988
1885,-0.850346271655115,294.1461624476671
1886,0.5367838249027502,318.52240957501766
1887,2.0277395138175196,393.94534900899873
1888,0.0800997455382507,303.1434717445094
1889,-0.24043918878435105,269.9010002447995
1890,0.2085127450927039,315.227047305681
1891,1.5663334139328424,393.89078433078186
1892,1.2310650340317604,406.2099121691746
1893,-0.5506029235634193,271.39936972933066
1894,0.4293861556706801,347.80954883164503
1895,1.3431824575289413,389.5365196375369
1896,-0.24082702910484005,260.2936337713602
1897,-0.18249150374277975,357.15646438636975
1898,0.15122662929444983,343.72278981321085
1899,-1.1909756947064645,221.21772932267362
1900,-1.240402482538094,273.5678051972054
1901,0.007264643091676329,318.82137905442187
1902,-1.088442073673699,264.9920916828047
1903,-0.13004743219159512,322.85930328498387
1904,-0.3837072375064525,283.99872179034014
1905,-1.392054077493087,214.45279461733816
1906,-0.6532038099890327,277.7178784648628
1907,-0.5077726826549364,288.8201204195555
1908,0.6686243088864698,409.7553549688062
1909,0.4341984253416816,318.44446748128246
1910,-0.6869202016869035,250.44167695855884
1911,-0.8187126044465817,308.22217487824736
1912,0.6142266117459699,349.8161173597107
1913,1.3812406480253512,417.0979333599057
1914,-0.34318403393053737,331.04489944799604
1915,-0.4144070623723996,246.80040697787283
1916,0.03678625863071046,314.2334816409273
1917,-0.6828313189910734,217.11538086280697
1918,-0.792152562677377,312.97812916692044
1919,0.7047206243171088,328.83897448695404
1920,1.2408449753304776,376.02714084203444
1921,1.2147843798329534,386.1707837725329
1922,2.153441153184299,420.6252364388805
1923,-0.9057307549510625,216.91737799988823
1924,-1.4390314204515067,150.80073913659928
1925,-0.7817174376760302,286.222537589942
1926,-0.6505124591314593,257.89730521557794
1927,0.6282178729795443,278.9492010620698
1928,-1.6700835654431367,149.95146999018667
1929,-0.5464162802735939,270.374926873633
1930,0.51217052768379,377.76779111406745
1931,0.49112148233031405,290.6433891333432
1932,0.13409659216509714,303.4771175409297
1933,-1.7120972772330818,166.28100143540212
1934,0.2693541122235804,297.2196522464075
1935,-0.6470941505714314,307.98609549395184
1936,-0.9618845356398223,200.46687778010602
1937,-1.8438652086995353,234.71321071884665
1938,-0.5118813091268151,274.725507189798
1939,0.6611004434162897,335.1083638605011
1940,0.7009077309156047,316.3609319389815
1941,0.31253629248338644,341.34812564600134
1942,-1.3244247186381772,236.75424699367503
1943,-0.35783703289367413,330.8285901166573
1944,0.353683601249814,334.07723341588786
1945,-0.35296169014182177,283.04580486851046
1946,-0.5396980397085667,293.6154176173103
1947,-2.0212548201949705,185.0282500747278
1948,1.150035724719818,370.673675714657
1949,-0.4159343080735403,312.7849923878067
1950,0.2912053597430635,328.4506409163135
1951,0.27477883705216777,318.2605209118699
1952,0.30796885521603423,307.0403046734417
1953,0.9835127293431644,399.11344245005046
1954,0.5525243131579977,319.48858317140196
1955,0.02713487533245303,296.2322744583107
1956,0.3577869590033971,344.89615176435177
1957,0.02675792517150962,267.85692754251056
1958,0.3631773475444523,330.27116338054503
1959,-0.28143890798300303,301.69552506505397
1960,-0.22843361310270258,221.91049151939092
1961,0.16270221119589887,277.4777923011514
1962,0.3227395618852,356.1321550404505
1963,2.5507841069818413,438.09653833353116
1964,-0.24268793363602895,225.42645796538653
1965,0.7111634755571083,321.9305392658507
1966,1.160045522133891,364.2534133334643
1967,0.30135044383014387,281.3040899350033
1968,0.7138407711950433,391.52612062699865
1969,-0.9031590369968799,233.11594607317903
1970,0.7582496550151603,337.2733834332733
1971,0.17345807234768607,302.95481926813
1972,-0.5509960393063006,235.39673599555186
1973,-0.785435211763197,269.29763287992097
1974,1.4525379731713304,437.62938422987077
1975,-1.889504364473676,178.9006133207883
1976,1.40368805692342,357.47435935085883
1977,0.3130131289808603,298.91402745323535
1978,0.9995919149953225,388.58882712591515
1979,-0.1507922405594072,306.3803141345434
1980,0.3270638038828972,339.08982499938634
1981,-0.886719352485378,180.5078551608573
1982,-1.239797263389456,202.02807403224824
1983,1.7074137527889375,398.71487522017225
1984,-1.0897604252616524,223.53797894142824
1985,0.45913770322630687,312.41384333469114
1986,-0.015838160674877966,241.52221321152027
1987,-0.07526128723722576,285.93738765425246
1988,0.4045844144487453,297.28613437468215
1989,-0.682883996449334,231.73783381933885
1990,-0.2899447037696874,215.2186956927667
1991,0.21071705250565526,277.90911250091915
1992,-0.08710696996399898,241.98436461846705
1993,0.26697323153986774,277.7754631837408
1994,1.2499025106911574,387.53842140413707
1995,0.46954942686078716,362.2924472567888
1996,-0.6536297319877492,261.29834320891285
1997,-0.3689251095180911,246.9186826179302
1998,-1.3127127065922315,245.79405422780474
1999,-1.0855234635679416,193.08619075234643
