Guitar_power,Quality
0.6147728800674022,0.831305143476609
1.5910389597572177,1.3453633253285495
-0.9403604577742047,-0.9438932932732353
-1.625405880237734,-1.7354760861466882
-0.4599461044086602,0.3893677475823919
0.41089072192169956,0.44089560108373993
0.9920511251456341,1.3451560619405307
0.24491550860524544,-0.06954984807369705
-0.5874523837843512,-0.9221789367094009
0.7830608908611,0.4832217933325145
-0.8558229227481043,-0.9955053098647432
0.8066580731891951,-0.020559246802250342
-0.6393849995001969,-1.397929202926151
-0.45550738290319415,-0.48663202415279816
-0.5238299770815389,-0.16417969223114284
0.040522587308750926,-0.46909234447599996
-0.022531935598854965,-0.18878341044102478
-0.9753458223239958,-0.26125804032427447
-0.6119394494549184,-0.45787831312465577
-0.32203706101020535,0.088291965192218
-0.9360050507710276,-0.9698235624260555
-0.3644068851006912,-0.34794979233720125
-1.4662613982312143,-0.9143757846879024
0.1513296947862743,-0.19101402143926713
0.2619289734916569,0.4801947288287239
-1.4918859585123376,-1.9899264479277063
0.0648115295330513,0.04922947871753949
-0.8979060331952377,-1.154831371436701
-0.5975625494445224,-0.08411055824553877
1.0335950459740009,1.0790793039828386
-0.8091976611453116,-0.14613354791866856
1.7161250538521549,1.1248695900372077
-0.353733855321646,-0.34903398947596975
1.8792923927002574,1.8905951085523345
1.0952075456214545,1.0243040018377412
1.4452483877513385,1.3976579009836836
0.042642343328449184,-0.3989153734974882
-0.3890319320336082,-0.3771075002671511
0.5974518360566352,1.2045111061527944
1.0592177139694388,0.7623483698582528
0.3627941453082331,0.7138960199686447
0.048308423581961364,-0.272114093802338
0.36581483542121007,0.03079786535143854
0.6196508651969023,0.3697757590525635
-1.025332042084504,-1.0937096870853558
0.2247045195712952,0.16113037238195105
-0.7569733764966473,-0.8448192825616218
-0.06809360473155246,-0.2350986239911249
-0.9218403733214285,-1.1932284186121844
0.1900075024835215,0.14337772777009913
2.0136601101556315,2.4318973646431217
0.20137127759355536,0.27110980470574636
-1.6426549871691178,-1.5786009245731039
-1.244471357064816,-0.6231860124084457
0.39341294380545,0.652572281769062
-2.177355812975472,-1.260260086322383
1.2901366651843051,0.9926149769073326
1.2760705947660331,1.1581155930400509
0.9436062064033389,0.8932479948132708
-0.09152840538029418,0.10258263996578174
0.9628614640826461,-0.1383393457017543
-1.650631399901204,-1.6396654994534758
-0.06544631226928421,0.3764282520251807
-0.5798748353299928,-1.1363435930608745
-2.212594698830598,-2.1517000167498463
-0.7326532329141492,-0.6613452741221622
2.7846697363125115,2.6619014699536434
-0.6691278041689609,-0.9023551910227057
0.5592785162921472,0.8897292684121884
0.13057178836978672,-0.3289456097578804
-1.2372319738784572,-0.6806917135863009
-0.8674023229967863,-0.4677554177497206
-0.018804553279959366,-0.9733111245013611
0.852886038715533,0.3774728359938144
0.724284334560691,0.7245511488051403
-0.044291886082005315,1.051185497537492
-1.4344630884920027,-1.2003793873861188
2.5953553188119027,2.085393496263036
-0.5057734293081737,0.8072791650146387
-0.5259291784773795,0.05981685171862274
-1.2312242154438782,-1.2066247762190632
1.1705945229984318,0.9888835309709031
-1.1636987513967596,-1.9734226864825992
-0.7540800075251444,-0.8852873874796647
1.7911165605655734,1.477938946379959
0.20119396134328987,0.22168657342754947
-0.6774166261393663,-1.1133589246037185
0.2529573963644188,0.34682561394724687
1.3787933793852973,0.9153304168646365
-0.5193069463585489,-0.13709267478515377
1.3589238965327854,1.0301429478278508
1.4278533216864002,1.7448569588855656
-0.8898846788651102,-0.39464012369884294
-0.33077544566017564,-0.26767091289694606
-0.2721634470867596,0.09724332315880244
0.5615531019102171,0.7729773128590189
-1.8127301199781287,-1.2520485247455737
0.365429151808079,0.31170526130612985
0.5475304333544391,0.38978182623542706
-0.6581526516270158,-0.6998953746752313
-0.5521301701776815,-0.6395027997805711
-0.13201983922766394,-0.5531523613268369
-1.4566581243397634,-1.2451775120541162
0.012627860855716355,0.6037072918545959
-0.8972846731467903,-0.3268568544756844
-0.027115611717402927,-0.47873876918067787
0.724969576063634,0.30603169828221055
-0.3902069833082236,-1.1910659768484857
-0.245263578680272,0.8374647096320226
0.8238850804807674,0.22226287090590732
-0.2822075614353282,0.25983064617306717
-2.6998217972585477,-2.9141937055129064
-0.9262895151642957,-1.2914443004302263
-0.04483558005027838,-0.04148472992878576
1.1463752107795326,0.7639452748498512
-0.5832779784667479,-0.2900021658275176
-0.06692554764697904,0.12226094979827219
-1.8111182152571923,-2.011031562547315
-2.287863830186499,-1.9283597508349992
-1.217955431635979,-1.5581058567864947
-1.256069310446524,-1.4117335394091466
-0.2215417916295141,-0.2582509234842132
0.2717038118612054,0.3641048848066579
-1.517933863049449,-1.1257244319008728
1.9901688102094355,1.870640571423792
-1.1926152432620896,-1.3491195070840651
1.8000580957871255,1.7157918829961143
-0.9844301439980911,-0.9671617881526081
-1.0998717323023266,-0.2832277646779749
0.6727492698983254,1.0214682460462032
-0.6605035897874556,-0.9932437078057585
0.3199137425476363,0.12421360310106593
-0.20177005385346825,-0.32136461538279515
0.45502464795846737,0.44215318063553477
-0.23784706687509186,0.18498227785626079
-0.9536104440010985,-1.0429666711048196
-1.028690777850541,-0.9567234951313354
-0.177418250262653,0.0635645903794575
0.8234757429900029,0.9328957399448593
0.4435376256402677,0.6692759808501701
0.8856611432964367,0.960152624072217
-0.8513385716361251,-1.4257149404037899
-0.8543606610541291,-0.7789099086350426
0.6411640334272443,0.45245357033079425
0.4752799385803677,0.9704293784148327
0.3181179491429561,-0.20727517472856113
1.0105965964714259,1.7377307300802516
-0.3961011547000798,-0.6860864375830737
-0.28162223716578366,0.09902385667273468
0.09980687497861536,0.3213263804670738
-0.398333708732323,-0.24367367214578606
-1.0614505504475624,-1.3039163874344482
-0.31267216344659504,-0.399363188019918
0.941331911468394,1.2817085986964507
-1.779753745077446,-1.275705446703079
-0.42590197689340176,-1.0349642672194592
-0.15320725825379072,-0.5021222379522466
0.2654039536766936,0.7670170302194909
-0.5946937118263774,-0.5447256833486729
-1.5264895603219053,-1.352137306311643
0.7639781375963077,-0.6855846535665004
0.6640675131424085,0.495264095306492
-0.14521689283594602,0.32528604693368507
-0.17651328694103532,0.4589989167424027
0.937802854919896,1.255099297673562
1.0879964960715962,0.9506933576383787
0.8989680502363918,0.8691355864988161
-0.14969826225522276,-0.5783848011445253
0.4025815843316747,0.7277804319182297
0.24731259170496614,0.3258964720577559
0.9735003359532709,0.2132929834546217
-0.7793502835062746,-0.3369553319385887
0.007970725430738634,0.27755045536801626
-0.7341264817564147,-1.4234269878353991
-1.2550310147145785,-0.9368216875459373
0.4637940486557543,0.5888337626437126
1.5925479986854765,2.2194942574279395
0.8802897262230033,1.3081904717628041
0.9044385616249033,0.7240763731920399
-0.10945924110754383,0.06806166543433906
-0.863616580013374,-0.6636347492291353
0.2479406699750431,0.011304331084421639
0.759719533544627,0.8940312232512543
-1.0449954148851985,-0.9613046539127589
0.16732564706949393,0.5921729261219517
-1.800612228779176,-2.1770856704119184
-1.4606632199647682,-0.9978461643139581
0.28600464741056,-0.5132659015457317
0.5202462197258052,0.5490042239266186
-0.942691215140399,-1.9473380915967018
-0.6773336403633723,0.05260190734544962
0.012311387112944862,0.5379397745790407
0.9482365311178503,0.9101795423115424
-0.6842668067717631,-0.3641980210603164
2.047385449566051,1.7659234116966784
-0.8339059812466046,-0.4835953423382692
0.08085248999412879,0.01851048980549056
0.3240085138937797,-0.05888416188552959
0.5489845289066666,-0.1608160730480807
0.4597420159666153,0.5453323489254013
1.1114750235559157,1.449901573125009
-0.9054801551195962,-0.9721364843884824
1.0374301232371104,0.9587106793357605
-1.3383896837193547,-0.8106937330802056
0.907262556027913,0.5960449614499417
0.3916263748307794,0.4519783581042579
-0.5666054768830538,-0.12765560222605954
2.132914009087928,2.073115978011568
1.0113026833516574,0.6958760849427157
-0.725969686083736,-0.2766465526134678
0.5970131613207402,0.299469985393567
-0.43648679883553915,0.5359801194651792
-0.07683863406439828,0.29914584197023897
-0.14872001766968235,-0.17928491282695214
-0.19759864841507116,-0.15888378168887013
1.236134463633204,0.8801642670157231
0.38330440455307013,-0.37340488588685894
-1.2402759527388838,-1.2171454952551108
-1.4734638904803283,-1.017339362805141
0.6334305190898906,1.028943359114216
-0.7926685041827445,-0.4141022339659851
-0.1288726287024114,-0.5332107271661678
-1.1763016672949107,-1.4711488960062264
0.03063309509262216,-0.17058753681330802
-0.36037357816747506,-0.26134922697883545
-0.21816947720945679,-0.01805718101730339
-0.4241895153656164,-0.4672157244918845
0.009573395735104294,1.1090462002734174
0.6774123784630857,0.6435091306370285
1.3530342664926729,1.388765452900821
0.7281655207419633,0.3188871414483897
-0.9540878610844444,-1.4894409812360314
0.5346893725579756,0.292697984936033
0.3052471385806951,-0.2947440362605198
-0.7986487417412529,-0.36138914535456257
0.5477307450645119,1.0744685264808664
-0.10187414999849874,-0.9756727597566603
0.07635754843389078,0.177292310971183
-0.33864519759486167,-0.3135951649160529
0.03986917371222341,0.12818267056634441
-0.20316938116045374,0.11353135288159844
-2.0191896474838655,-1.6491805262437464
-0.5960642383567872,-0.18737532776370613
-0.1892191238416875,-0.02638745733795181
0.267506763866264,-0.18991817531741886
0.2951189433522759,0.09794130584798076
0.653273459983006,-0.08312401373420973
-2.0441395584439714,-1.8862480412919922
1.0674228533213488,1.0871492428546574
0.8718453250918609,0.4298640911282151
-0.6245893133478083,-0.39112034957908876
-0.05936910435257411,0.5246053730387608
-0.08988342820335482,0.34064231321084176
0.4022244656003668,1.3029600598393056
-0.40084260508628894,-0.8597712113042899
-0.23690177132131374,-0.3922227893744446
0.44116275676287137,-0.055295397663838806
0.12201104337707605,-0.41858048019508054
-0.7046539753156981,-0.19799907466737188
0.6134401508197255,0.30054277803141477
0.09233640946177582,0.5207114523551473
-0.36940529815340767,-0.7501467157641327
1.0130062887443583,0.9394918348663176
0.0008447876683175705,-0.7478779157881539
1.2769155958374883,1.0830163544167521
0.6534519009342521,0.752955410234428
-0.250761130879655,-0.5980147143129028
-2.1418644019999755,-2.462832454190299
-1.8754173570943318,-2.508752436668078
0.18989821112206734,0.10333980431233632
-0.3916116699057271,-0.5139791885631504
-0.20013717890313848,0.553190599783594
1.000447865066988,1.0966488295047145
-0.9980407883025381,-0.5962376640451252
1.4091994507629662,1.3241877640596347
0.9832890215280977,0.64884529356737
1.047094051293643,1.1186091347160545
-0.747580623313436,-0.42020345478637744
0.5374389057357881,1.1775179381362202
0.38938521868007847,0.34942050489507337
-2.645305259059998,-1.587204756399098
0.3451174725893063,-0.03660620716297251
-0.21591624778044133,-0.17920670890875648
-1.306688691812734,-0.9257848654095614
-1.2917764279112036,-0.896925569153173
-1.5678838601297,-1.6658957730823651
0.104504693510543,-0.030272615538199765
0.23776850817075215,-0.34692622256254774
0.7496374054711906,0.5733438068797371
-0.016480311381367622,-0.20081960599259618
0.8607663269466058,0.49032893592525045
-0.00803758389379513,0.1491606463976197
-0.8351078797925037,-1.5961752381236798
-0.09427269118420455,-0.04233399090547529
0.33090941779005006,1.0786666493441492
-1.2952400080480324,-1.6090553361878568
-0.5983789045360506,-1.2321686308546425
1.898732698040563,0.9874892696707429
-0.8833203425281864,-1.702361690713884
0.5809312944146611,0.9619398307735234
1.0797420917886535,1.0397322478832587
-0.9070131263914285,-1.8584544906378833
0.91192714276992,0.9004230315106111
-0.8457129250446287,-0.7793378150961768
1.3158334146515134,0.6405472849416437
0.31765686707803414,0.10974051297864758
0.03383969214240732,0.45225308395560737
-0.19600636332161342,0.8009760821278467
0.5330739304497913,-0.15421482753784352
0.3109832999657163,0.26516711885982586
-0.5424514788700405,-0.8738224347136857
0.8499081270787978,0.5754988708680112
-0.7783004847553978,-1.427704136839685
-0.15623645975920228,0.8187462090691241
0.6406322228685537,1.0734132570078363
-0.9620784527374372,-0.5271268940288698
-1.398669097067844,-1.98983585245703
-1.4628205711602646,-1.8555415934538473
-0.9027126504096101,-0.6240591981349936
-1.0211679249171728,-1.4274423294451484
1.7652447264281714,1.4263772877518912
0.27513100817346436,0.1426852866879342
0.23515279399771663,0.21832601799537832
1.3692804249758157,1.715390797549868
1.9408465845613374,1.6551092522876263
0.9404707976208978,0.7164892533610061
0.07933257916132669,-0.3950228353083594
0.2643316539968979,0.42131243515150224
-0.3543504977067343,-1.1023463430934315
0.8678398908749146,0.7694673939231007
-0.2757675371178171,-0.10077697054836604
-1.1481348583700022,-1.7089595321948237
1.9301454495645234,1.714400559401157
0.09409581713972297,-0.31814834048093255
0.2572619110424538,0.04617645800469899
0.9767764020947028,0.8705149038489939
-0.94895399236275,-0.9936538363031968
0.03735231800601498,-0.4712080479358171
1.3157798849765285,0.3719908889839065
-1.008739147257077,-1.205308293818391
-1.2883479443897787,-2.0869915107154395
-0.9112344443910497,-1.28559362559078
0.16920694729604688,0.44886113131318617
0.22522989401010624,0.8329895273497298
1.0817678952350371,1.0647564795375724
-0.5070843873234027,-0.8066835086546781
-0.33622953138159156,-0.5976280221902293
0.4645301904837152,0.7351697218776404
-1.1237328726383535,-0.782717593302095
-0.6264423408304612,-0.9465880110732904
0.538502166255623,0.47585883518854366
-0.25304989414052,-0.6544381718703517
-0.39595722048077886,-0.9458628027530274
-0.1606430994678686,-0.5301370271452318
0.4512479351899546,0.6219355022339307
-0.10600640713184568,-0.4996257896116188
-0.4686442489604049,-0.12984082245094436
0.258535398761533,-0.33636978825054986
0.5530038959793314,0.9137479667606829
1.402392415571624,1.2179406842328127
0.5619709869251631,-0.697900343089808
1.3804049835737333,0.34915819614463117
-0.19373431390191975,-0.08515230669668362
-0.5814856983368449,-1.317169290999972
0.6219545095641134,0.3796289112329153
1.713746482570472,0.953786381771856
-1.3022058699137276,-1.0881105613114104
-0.4466113747476746,-0.30175803687998715
-0.7161155496373809,-0.7914356089971764
-0.1978859388350611,-0.343852104860982
-1.0279288357853462,-1.2314603946751332
-0.579636573492125,-1.2312366530704562
-0.38028769133503365,-0.7858336412443573
-0.0709201056155241,-0.44096231302762906
0.14544050924690646,0.7047279317637969
-0.30051941486001116,-0.1640375922812624
0.5749205722170679,0.6323417557338848
0.7871510377053615,0.13232262646938017
-0.733437447572589,-0.47966688398714097
-0.5648922662364256,-0.135978078403397
-0.7937170723477003,-1.1438406135328558
-0.7576102271446761,0.052154584731253575
-0.06889003149707555,-0.0421072203569459
-0.11461472399388092,-0.41479005599993535
-0.7585703893424771,-0.8879835019387264
-0.3136220707165618,-1.234342992728427
-1.3092699517527684,-1.843541395304343
0.0826935542672483,-0.13913081971872585
-0.07230687763509805,-0.15320563419855987
-1.0009132985895393,-1.375744296589384
-0.6734264965213079,-0.3760729750925313
2.240136324194206,2.191362614778947
0.9727553005242378,0.5284265554910165
1.068953445216177,0.7344352723876422
-1.9527396014428207,-2.1116540665496717
1.1839831720168308,0.6075493289122676
0.015191245322646124,-0.11582707007633153
-0.4862569821698818,-0.21762813795378416
1.391922196495002,0.7701396630686836
0.4802823862515962,-0.23365284067419914
1.8985847052954294,2.218277174734108
2.3793786842676568,2.080132355873874
-0.4408885502851985,-0.49845850206229764
0.7817617418003799,1.1402548589282817
-0.3394616672364548,-0.37693557766282976
-0.39011915084699833,-0.7325941293258519
0.4578534672687403,0.10510156136753948
-0.2332664803070946,-0.9789473721172143
-0.528646576628726,-0.9489326726637568
0.6550859783010667,0.23900455690476005
1.3412256184101674,1.3310026009791174
0.5905414097557545,0.7298271219077269
0.6089099892633398,1.3584583192914916
1.3531366082003071,0.945163894601813
-2.199430744034483,-1.2333020527663126
0.47188305847460627,1.0694804463548533
0.41144859544787665,0.20993750641274514
0.3408822316354064,0.06976697083870995
-0.8770961054726567,-1.1623392913215655
-0.011489094497733669,0.9546195282410262
0.5537993710556522,0.6937316687140209
0.3973834186350482,-0.17429671494196022
1.46838780478575,1.1372406623168294
2.564599334550805,2.4226874469100106
0.26350082530259383,1.0914557891353835
0.06015260281030526,-0.4892875491944421
0.750093011000262,0.12239673895457318
0.6319992672895036,0.971208346595706
-0.20264757277442627,-0.3807362491316299
0.799489426091056,1.1700373314818775
0.48265169586925166,-0.006368912473321916
2.5420351225573903,2.0195393414066203
-0.370577448920001,-0.2552164741458413
0.363982632099512,0.21968546865257985
-0.341469053153669,-0.6543115744332059
0.059652923145778435,0.4483669065636299
1.1900825504682162,-0.057503516128747774
1.0306649375928678,1.2970508812654946
-0.793200165968228,-0.8627330944579042
2.043330276324939,2.377495921304569
0.9199805872290366,0.05859651061451402
0.36390430044655603,-0.520013744497968
1.1922611091749908,1.04454902557012
0.5037248113090941,0.6009495593534808
-0.9122171264018208,-1.0955842923609624
0.8501008422978396,0.6818866066374389
-1.6441984684275746,-1.4264167968580779
-0.582868719770487,-0.7114020403359175
-0.07861128235289777,-0.1274548462443022
-0.4423769890131196,-0.24017618546455347
0.41748269454288045,-0.7487760760982954
1.5563550002833761,0.8993105236404914
0.09673860294119224,0.935988072793316
-0.5396266008107369,-1.0226884881869074
1.0977422820887366,1.0547673724573416
-0.2210851902444079,-0.653768046949275
3.1530187079716425,1.9950834802868547
-0.8477318513026774,-0.017747931246776063
0.8616778738209973,0.5929314526605118
-0.8017378748049669,-0.9019407506585692
-0.5017152448843445,-1.4784648401925145
0.4272834459761433,0.25861365807506154
0.520297369549401,0.41357835501859685
-0.09630614467111799,-0.15038580846472138
1.1098632030865865,0.4082798639921025
0.09200069387013873,0.21245170937804325
-1.1043590227525761,-1.9115505206208796
-0.029497276685264372,0.3362391517307468
0.7978767799711894,0.8681968409652177
-0.7629226536878194,-0.6749155687861769
-0.8320362600202861,-1.2090620372634455
0.12868449014476369,0.5453734380677919
0.3513657783195632,-0.3140570539521748
-0.2600126535914805,-0.05531042606869338
0.5466392144550799,-0.2474928090867151
-1.1594705950138735,-1.0561978205162195
-0.0018693347922583198,-0.1593808685592559
0.34181824336352107,-0.2533817637920489
1.6365636727098085,0.8543414994030237
-1.3333854281859836,-1.3663404182917016
2.06225364845453,2.040836244646797
-0.35462621267188993,-0.08918261439851992
0.796482009331486,0.5639361586949379
0.3291883745977118,0.33982672468328445
-0.10758926329822302,0.5260375954375538
1.2768178331308844,0.8238727783194796
0.7840724500567012,-0.11842206439375803
1.6623464984845269,0.976718845699066
1.877087029747612,2.1662354426237376
-0.14156755564911755,-0.2568037569498769
-1.5051141385656166,-1.2087282439613032
1.630944168884779,2.4013487668604276
0.2752173476114347,0.4451541724406468
0.809585418768417,0.880380579868508
-1.9340277905404817,-1.6697989806565343
-0.2527973074931437,0.1775038742042844
0.02694755561351485,-0.01570252981325884
-0.8032206777443103,-0.8589096856597273
1.5278505449213373,1.262909965217514
-0.27908032819381745,0.03150228908216196
0.2299595429624482,-0.3078026423585163
-0.8509392323424853,-1.1274803986712876
-1.529090811978899,-1.5479079182386268
2.112943950090101,1.825668812784569
-0.2004145627964929,-0.07180889634286713
-0.24410041410094482,-0.029313855568750224
0.7663554813653485,0.23295394131352912
-0.773556584135715,-0.4336069211356455
0.6947298009570091,0.425589837488361
0.3729720445546901,0.047715093017905386
1.7009913134971701,2.0400492500732526
0.37157470759881206,1.0007273690973004
0.30926133420391,0.11618001163905757
0.3691931569343027,0.4057115882039491
0.6545685544272264,0.858655982079006
1.0989744401744233,0.7388739642778462
1.377052911518016,1.5999876046184416
0.6851136665076613,1.7044619170013868
-1.1500226366536288,-0.763995587764804
-1.4931831913479623,-1.4422542973375336
0.48276927917703927,0.4255755460586878
-1.5806022692801496,-1.8960215580272084
0.2371965459454831,0.6004378745027642
1.9379288713140788,1.465666598260252
-0.8896712228308521,-1.0374389789669387
-0.4104960926799504,0.39357346798869774
-0.1453181064989664,-0.7726653036540789
0.07461224829655135,0.1792811264463178
-0.6137586979424209,-0.969523914125589
-1.4618620364544659,-1.435861108580154
-0.0028604357441783935,-0.5064824330430571
1.3951384540976715,0.4549728469184663
-2.1881495874990162,-2.277779953176013
-0.08022927820667808,-0.3520636841066978
0.38353037276798774,1.0110029031258572
0.42888574648966876,0.6690268702101294
0.8021233089336678,1.6306204568900216
0.36951307489740387,0.6618953351089021
-1.0705850946445261,-0.08540776238834097
-0.7037141530592032,-0.30601731515292546
-0.4544392091251458,-0.012951914689907055
-0.47055500850246545,-0.16310997451379125
0.4545611271442815,0.20963986982437394
0.5536987456187565,-0.5676887080247008
-0.11729515392899512,0.23372628591605604
-0.2796045038936188,-0.22280419132768842
-0.6637761441081987,-0.10589563607257145
0.16590272750254453,0.17599438385183683
2.104052817867111,1.9713038830477008
-0.33351746038547003,-0.29547775963346007
-0.0010765767099675744,0.3664308335636759
-1.650863514832266,-1.4632940306085533
-0.15894641072976343,-0.5347881399553698
-1.0277735519606908,-0.5509071301186828
-0.2648586969612712,-0.3116639559802725
-1.795495645690939,-1.098346277227519
1.2016679020081904,1.9908236791384342
-0.006060725959931626,-0.32087275393729464
-0.8895599294227641,-0.5118024965161291
-0.19885104624499764,0.34815090324911196
0.18017702133931857,0.8072445675564338
-0.9045232063696964,0.01781833996134821
0.10042101570955489,0.4417632156201976
-0.03300465532608013,0.5284025521529279
-1.1919931348711983,-1.6144379437208842
1.5512180928605483,1.3693737694824255
1.5444033734182248,1.7073937035193125
-1.9610861778096356,-1.3477413971163437
2.114681239647019,2.220517917353599
-1.378511349100384,-1.1756865972777972
0.42466175011711826,1.139094149904297
0.052017177571386956,0.31113708979199817
0.14024784187966877,-0.24542526710965012
0.19376874897069424,0.29297026732170456
1.1133379598561357,0.7405296525068389
-0.006879048009514746,0.36121585976259524
2.198529628302804,2.2696146540428384
-0.8624700293695299,-0.7474783547407754
-1.63300377604883,-1.3273197664503817
1.9744233089931682,1.5702776913374987
-0.672116022440811,-0.43266674332898225
-2.269724713189085,-1.9583681638239436
-3.657382102530383,-3.855060985603301
-1.9306027421423053,-1.1061902719815273
0.1676549995067362,-1.0099626444825045
0.5085916352339221,0.3118703743591227
1.266186410409006,1.276945927598116
1.2030663947221791,0.18231001169851788
0.33052432371770596,0.12112550569032951
0.8529550781824801,1.2463763250882234
-3.9805167829524972,-4.4313224830165945
-0.4500426318915797,-0.5515937016648036
-2.346330735650911,-2.3704768600819617
-0.6442586107626377,-0.7841321690492972
-0.16854678009314233,0.8285813792544274
-0.5172847076408283,-0.12031675693819593
-0.3564500535468599,-0.1365107412853888
1.4363759001054142,0.844130952714658
0.6687158475367034,1.5435187942193742
0.35947825184918897,0.40368025200575225
0.2153351514267478,0.3623636445035781
0.8494365850976272,0.6874522262507311
0.22231854181098712,0.022985561860469003
-1.678830504630977,-1.3969491646482846
-0.8310335655786689,-0.7297722222369938
0.821196084193349,1.1943587103193312
-0.19775251663656007,-1.052125177570433
-1.7631543233857236,-2.286112977008083
-1.0362505497678136,-0.4426275249211746
0.5962211711689321,0.43608339505607085
-0.07140909524540483,0.00961418002069932
-0.20326374685588375,-0.4829290847271286
-1.4193377302108585,-0.6694287013483308
0.1747775784720187,0.12798526353182887
-0.3766742284524316,0.17456127780828212
-0.7258013599727646,-0.5163325731274553
0.15569341015113045,-0.2207302832088255
0.21237964293259246,-0.1711644835091611
-0.6723064217618981,-0.8560774257849779
0.8673304465956561,0.9221596543638095
-0.8285770840732725,-0.36463753129797555
-0.6562397690113126,-0.6937310870442926
-1.010200108349724,-1.0715770473498418
1.5373937134402924,1.275690763108395
-1.2032668520068446,-0.8098461873384896
0.07465769380339257,0.08740359768502276
-0.21060772746303635,-0.8432821951781335
0.2876861644159902,0.12953005323760966
0.1237145874164594,-0.1627386032759426
0.8276587150984164,1.1251292495046006
1.0993705928943798,2.0266588332244853
-1.2929074741402924,-0.4010348931512842
0.1788855332419953,-0.7558046948000705
1.115758730468815,1.5280302107657013
1.8339110359568502,1.629881279765095
-0.05515692362678914,0.5080352055431153
1.8410068965914248,1.712173953350726
-1.5285309835379606,-0.7562598325964234
1.4856409990676533,1.2317020993697414
-0.09508153789150056,-0.23034587300811615
0.17443419808052565,0.12017968222896885
-0.755220756186364,-0.07697295862293355
-0.5311084829643407,-0.23365255618976902
-0.27756890035964515,-0.6331654779019472
-0.8678432599744691,-1.4689260563410838
-0.08522037292144653,0.5907724764187032
1.6735502148346921,1.1549179430137246
0.4130395123977755,-0.10279694726004356
-1.9339670398145676,-1.4673733684421815
-2.18962592286148,-1.8310093986559934
-0.6333556491086889,-0.8387864507767173
0.6944743242815447,0.11970675256329202
0.6545514969349705,0.20243169383881596
0.749399860607375,1.0790988676186484
-1.1176378778633935,-1.2289285771984013
-2.497213832572407,-2.4236753358328094
0.1799065983565987,0.13963896024131692
-1.0439388226384907,-1.4324263758717684
0.32562546106605184,0.7911775174862747
-1.8792354262910087,-1.2926656656610571
0.5073274336734257,0.42115079410877365
1.07815749475656,0.9436055850788293
0.6878023671621176,0.5747317561572242
0.4758637450466077,0.03805947260383648
-1.4943334297799862,-1.0755614610379318
-1.571577467080457,-2.013870265797074
1.7325187610660227,1.385199538805522
0.3393078408254641,-0.007663762983105179
-1.1391070342039071,-1.3374121984605165
-1.6530672589670659,-1.2316163906943458
-1.3932571228029198,-1.3478887320452322
0.8301114647341399,0.6376957592038436
-0.9859882626265023,-0.5296322598013109
1.1175305588909261,1.3278145859452344
1.0122037408320594,1.6854268985484289
-0.44913742064777473,0.006438540956868689
-1.094243057560721,-1.547451255378413
-0.35178253037792545,-0.11648083702072888
-0.8533208825755493,-1.514738274772144
2.2280544232311317,2.428763814127247
0.6780253458691055,0.8734634704718435
-0.39017493411924425,-0.555018505957609
1.4571180660221799,1.8559814695509917
0.8639623997631408,-0.3380292208490355
-0.3543578366175507,-0.3508511078680853
-0.16797208561240365,0.30808759115759227
0.7896534162350726,1.0677875318790988
-0.1895702224931788,-0.06386691258503671
1.7453749958410498,1.8821111940562847
-0.058379889712445884,-0.7072521448608002
-0.8336940366935764,-0.39365269757109755
-1.1263029124823112,-1.2003668697536314
-0.41355143284704116,-0.17230911954769607
-0.04380998334751053,0.8656781005122117
-0.5230635440415599,-0.023954788873692668
0.39335238583235466,-0.2924575474371717
-0.752563595622356,0.1881481787427755
-0.12845974756887604,0.392549511776128
-0.7663437444834029,-0.6753947197966612
-0.18071035034129937,0.14077657126490117
0.46688840026978173,-0.23720912213539064
-1.2995405219622056,-1.4822570059705829
-0.4626602233383586,-1.4142554715776177
-1.6267262850495914,-1.1968798019712357
1.157390216326232,1.1915644965821366
0.14411135905590283,0.2320691964647574
-1.0435016158972228,-0.37269059464883336
1.8404458940957344,1.6175544113309748
-0.3598058859891065,0.25378008779974964
-1.471710270504675,-0.471709623147702
-0.6289716350715574,-0.15354064593058558
-0.09627602882871271,-0.4128146029007137
2.7302182916684705,2.4124891935897907
0.32183649979610285,0.3925013063103203
0.43737724491382557,0.4972715440043459
-0.7254567177987199,-0.7216281395033285
-1.290803613924931,-1.26062381986408
0.7441497825456599,0.24291557417353712
-1.1588016659393436,-0.32428315889878706
-0.39410537053233363,-0.24148470203459466
-0.8486946872682315,-0.9946807538036054
0.801648156365012,0.7827196706438118
-0.567659907479831,-0.4434495856846837
0.6721879336855902,0.9895085745126047
-0.7226368490455736,-1.264164369873525
-0.4301424323640796,-0.29089113507771924
-2.1418614642171274,-1.5638289661461184
0.32129240670357745,-0.08009550676895033
-0.6513240612415007,-0.8211449048263888
0.9255133133013416,1.1509836655212593
0.5037635511846289,0.7676014110419287
0.4798615792867934,-0.08448890022113016
-0.4267622364181293,-0.5412568833433522
-0.6648169273820449,-1.4347577985655915
1.9912906312513714,2.0433099482308092
0.7598080733879554,0.5173616534454458
0.003185462476396983,0.2802410218723493
-0.06048696843439201,-0.4207006484424194
-1.3731642620172322,-1.3761913201516314
-1.0757539727759335,-0.8961005910579015
-0.1486813394540001,-0.5450736909047974
-0.6999702305187673,-0.20835849970344641
-0.5738245755740924,-0.36391742325183124
-0.7400557889645549,-0.2273833142901318
0.09159433295942997,-0.08166335928146372
-0.6624973085326168,-0.7569726939202038
-0.2938260512526539,-0.21103566800946016
-1.0921219604282146,-0.6906695620304374
-0.7170385000271188,-1.0545307879635542
-0.010889993885874107,-0.02489785016315225
-1.9723897574682336,-1.0387885171747906
-0.45412073926154234,-0.5125090248931664
-0.36866518244136265,-0.9601358348762883
-0.8198565696221771,-1.8316354749245876
-0.4041206056351213,-0.7797864908264445
0.21462586403437173,0.35319118195433513
-0.29682429198457566,-0.3523101318796889
-0.38867026961967616,0.5424595292205123
-2.4732371457493008,-2.367922854478048
-0.7462898451304463,-0.4467149671558149
-0.5010918130117383,-0.2614333118919248
0.9697862177521637,0.5245210369497522
-0.03060957000313114,0.0027034994635468206
-0.13935719643038216,0.4257322229607189
-1.1845485656776085,-0.2820748432868276
0.8514050791240542,0.841833371183958
-0.2178889880959381,-0.019743237151288225
1.270704341446457,0.6305842979040076
-1.204275487837737,-1.5165565388325495
-0.7068502267797179,-0.10991714232185963
-1.3395175027490736,-1.8406976644039164
-0.9543950180699191,-0.47916626365651205
-0.12304459262959874,-0.41459856406086665
-0.39214193133280406,-0.3533453341183432
0.9191587766250835,0.2167006168099595
0.20180413926785346,-0.3335736662909279
-0.7465350897862604,-1.021360493251356
-1.9115397697826497,-2.2102703552947895
1.3930893785583314,0.912151778172002
1.5639427867654272,2.1297815556278326
-1.6698826545999426,-1.5242103607665702
0.8630841339058292,1.0802731264192926
-0.6879558786200041,-0.8085927606068967
0.3831922225803064,-0.27024206911635806
0.2801580504031114,0.5226804600021098
-0.8900983341422019,-0.4657533420095178
-0.6318635827211898,-0.22766453006420528
0.41897438041320073,-0.028632339026366638
0.20380446572187152,-0.43256063324737737
0.7474771703452961,0.5343550546007488
-0.42021036747306617,-0.35715433608524777
0.5986189106017579,0.2078069229084096
-0.6644975849757503,-0.3727306959617094
0.9102679439779349,0.19784718186992342
0.21782095768086243,-0.0442254429923256
1.7955551471526756,0.7155928060482941
0.6764097622051094,0.0647529140012916
-2.3126087171849385,-1.919697229981901
0.5339391912340433,-0.005042422852189135
0.6599762797903387,0.4806885811239459
0.00019677825576522998,-0.08335263466843726
-1.2048018845510131,-1.4673200177548076
-0.7093742086210874,-0.3123836393486474
0.371665858379298,-0.09808864678304255
-1.9338842658501814,-1.7965099048249173
0.8458971234024955,1.2661529826627602
-0.5278097265274729,-0.903848440270231
1.4678556910886253,2.453197940618034
-1.5180020414636357,-1.7327640378256104
-0.31886889112585964,-0.49697844020464216
-0.4046931200086694,-0.06053534737895111
-0.49581892728748483,0.4284213760329433
1.8214027327322513,1.0804725495543557
0.6752642680004903,0.28793207951230426
0.24179090885374604,1.0990913899174635
-0.3763084466551999,-0.4292214251910902
0.5467206256483901,0.44497423465731784
0.42106223430250217,0.25368697411567
0.26119464124307,1.0517842877149717
0.4041853019057334,0.4690884481345048
-2.2613039345611257,-2.297748411595445
1.485438112470379,1.500171316019855
0.06504006230434103,0.34186023974095664
0.26839366241936574,0.9969540515552813
0.1577692408218041,-0.05840301835323257
0.9904376671392755,0.7339183696274073
0.299904124044114,0.4643334091819888
1.4892967606370944,1.7488750801312984
0.27821268430026624,-0.4973500205337739
0.0330537698167839,0.45600675704163784
2.079613585588668,1.379145898312596
-0.27693557094287835,0.5839140999055555
-1.2960077019037846,-0.35870595035002995
0.9846009999814682,1.229992729235179
2.4943374392385693,1.9680424418735525
-0.08074336703738522,0.24776731989832962
0.22390756635292897,1.131758156577594
-0.12038050561754057,0.06151197693612034
2.3173708521565506,2.0581719111739423
0.04722071627200776,0.20921653542323365
-0.8320039948023645,-0.5962828704545213
-0.9481137456843415,-1.2236348402660762
-0.3811857219517631,-0.2581121725226735
-0.6820717442651533,-0.4892897586982285
-0.08072815713888996,0.21171774558446765
0.4077444843494235,0.3287533681967454
1.424338769147827,1.2911432316129134
-0.17155891357445574,0.3259403099431142
1.2862670615263068,0.6220945515530991
0.7013115116966958,-0.19112560954917462
1.066781876203381,1.0876687831017142
1.3212520558668268,1.310789337672899
0.28709971209976204,0.29721428670707756
0.2820941202304731,-0.11787228053208146
1.0302905109414162,1.740092245431038
0.18391794804850156,0.17177519030921387
-0.9953400616945669,-0.9978190023976969
-0.6954495620610739,0.45064703832264735
0.27115626811547816,1.0229806791803775
0.6119366595941239,0.5791444562881979
-0.5166224629896624,-0.8441258906507435
0.4332147015144618,0.7862558988851862
1.0372948325378313,1.0745337110488913
0.2650597091956141,0.9160003323472576
0.15573026935924397,0.6150422001130582
-0.9429718091133819,-0.03867054641999977
-0.07546518011471201,-0.29687290450598053
-0.37748251702640984,-0.219913258832706
1.9359624601891594,1.4997188802083512
-1.6636515711342488,-2.062556060234105
0.14580894135910094,-0.06897905832308256
0.878514531378872,0.9869118591869086
-2.6723915551231707,-1.8555319592691548
0.13385614945176819,0.4574662846566658
-1.3203267163924088,-1.3964650090644457
1.8604277771082705,1.6761842144666323
0.3858526071041054,-0.05054917172926466
1.0469943800239006,0.9249613518430962
0.0507768633249941,-0.6851804681746438
-1.4651874524502801,-1.0793631649460411
-0.8846501150115232,-0.8333814901507732
-0.5538977913696731,-0.27586609979554
-0.7117408156195608,-0.8413272832422297
1.0214933176722467,0.47657126321752846
1.0045385406706826,1.091177183130858
0.6842149969586434,0.5915627847014362
1.5687256552271354,1.5973613724582278
-0.4159676901441721,0.1340900769790602
0.01906769635606634,-0.48674063406547624
1.08185656720034,0.9974487093974361
1.5396906490617077,0.8578655304215049
-0.23093768317395483,0.1562359465311817
-0.42211673257165455,-0.2288970187135713
0.9364552096404707,1.5245310134193282
1.3102862345212827,1.741527645711747
-1.64670743706708,-1.740203232743609
-0.1382865428977602,0.7966057416320574
0.13867218439283907,-0.39535260915697773
1.6736728265267995,1.7796682245979603
-0.4024771595413337,-0.6192792524690436
1.4195069271317584,1.7967800574031851
0.3772913211951367,0.4460174743610276
-1.372526084344083,-1.7919578979114164
1.7342374660107789,1.6713689096647069
-0.15244523210590905,-0.0037076381227636214
-1.1200609041984095,-1.5275738400907937
0.05629550250705784,-0.09804598040732862
-1.045419004117053,-1.0077538214087502
0.36032657857256734,0.7792470634398443
-0.5369167904827657,-0.6005278163290473
-0.5284026868566414,0.40797544481503123
-0.48820814244469957,0.044417302876941456
1.551681350150098,1.5553063541461294
-0.6906412058733983,-1.2764307861725037
1.3845459276831191,1.4080355568550342
-0.08574657998282995,-0.09553329705411354
-0.8318270424943859,-0.8041360593533953
0.21306480518620743,-0.572499185407827
0.898303700919005,0.8873596562516851
1.3077000404690182,1.110386869617983
0.5623336059705321,0.3059132019304073
0.018487831456626573,-0.6424903772926007
0.37393010407406846,1.1035088491848488
1.3127722777376978,1.3791305034541903
-0.10319680217392248,-0.5764708002884632
1.0232672521105084,1.1410849887934622
-1.0758306509993374,-1.4773301589220391
0.13826758696345,-0.20588518853847093
0.9780811374175504,1.3822675502585002
0.41489292894616603,0.4702058306808628
-1.0197555909291236,0.11503783279380068
0.4370260125553276,-0.3169777602552453
-0.25245504567647775,-0.5681596441559348
-0.17615005735394723,-0.6939465201857893
-1.317813458824323,-1.339428178876663
0.752082723332612,0.7465482798446929
1.8339078773196926,0.7552110011483228
0.34988749741299313,0.6985430736128309
0.9406913402195415,0.9277024493287582
-0.5631127056630059,0.04429601458544369
0.7334921074105497,0.37550313511346695
0.2752191718481662,0.9609936773455957
-1.8050815096063255,-1.4043624795528238
-2.0342305297619383,-2.255686516418908
-0.5010649257616732,-0.5802555079901062
0.8583964591661863,0.674930251855494
0.9780768187611093,0.6055207418830085
0.9806538744401007,0.7668124734202221
0.8843065591664305,1.0312175319246744
-0.20747198302003206,-0.38069494921495683
1.3319951012777018,1.5490904609583835
1.4943833993901463,1.5877831457297078
0.16060241101916145,0.4901148762433507
0.6141624665065458,0.38530300886090174
-0.8809851726978811,-0.9022397015522001
-0.3548861070293094,0.2588379053967979
-1.7395501715466728,-1.890429638855288
-0.4195859031182881,-0.04145501948623431
-1.3123062032086634,-1.1502654719031797
-2.470234021947958,-2.1722464682322773
-0.9965182758093678,-0.1917404294687231
0.5320635266653735,1.4908455103090403
-0.4900331980114782,-0.4654272901941765
-0.9250331031388397,-0.7924691669904146
1.935376580639464,2.3391178001483266
0.8071359336714082,1.0971125975640081
1.1911338558437392,1.0219673681482992
0.2467737770292335,0.4558139097973475
0.4094558853034953,0.6329407867612973
0.804676784300435,0.5242570340445453
0.2763235580353923,-0.14253031593325652
-0.7985250447164566,-0.6693604056871305
0.04039449889345816,-0.20693464901243722
-0.9421046022371573,-1.1709708072858687
-1.9841320765732242,-1.736036105574249
-1.1262049428724534,-1.0082195417014401
0.7491984307719143,0.4475098029278527
-0.10877764587409026,0.416647050744495
0.25019570764471366,-0.38984537958847537
-1.0754130171061216,-1.2335244050281315
1.1697413990650523,0.39547106476856525
0.6513329548567539,0.5040460749603628
-0.9120588467576579,-1.064516054236341
-1.0065869829980787,-0.36668307633543773
0.8707059682036906,-0.016353502774233763
-2.1642690742265582,-1.9538065352063365
-0.3892528143489965,-0.20973834477568282
0.7467821500142933,1.3478527729003467
-1.271005266538766,-1.535383712233692
-0.39894372631888986,-0.8004961543121949
0.6956853631732139,1.0351046975641882
1.0562819684446898,0.7641240608658032
0.30826346482186273,0.9295117445311397
-0.7383907891983509,-1.322476414329164
0.3248608244462781,-0.7373250458886019
-1.1289469180884535,-0.8209914915219464
-0.6939612300854877,-1.3676633361650228
0.2118990170409443,0.05014303137999451
0.24596575465087175,0.2846904145473499
-0.7014693379896036,-1.4723613715520314
-0.41325809135432584,-0.5001832175120801
-1.0143153413922583,-1.6865133512986206
-1.844363042639909,-1.7740120947301705
-1.321268692565681,-0.9761296684470652
1.5666548668174052,1.0210066859433196
-0.4343632501931122,-0.5406447345988876
-0.6333840746349316,-0.507672869219096
-0.5124110463395506,-0.7853810573677291
0.2400566952635959,0.41994804739722336
-0.5497038958463212,-1.3133357201749967
-0.4840233651855318,-0.6831509331103705
-0.3852510622608329,-0.8721084715689226
0.38833189594503476,1.21276041526126
0.7635616155974112,0.6839566135265251
0.27171694532938767,0.0426444301271038
0.301221378581477,1.2725532196663727
-0.08238322523206551,0.24834564733937975
0.6119417620720015,0.8579527908098727
1.6291084337715904,1.5559637536957631
0.7046600205089366,0.6815258999855707
-1.3453621864277325,-1.1516566942741775
-1.5580761905692166,-1.7470592659761528
-0.6620308124563586,-0.10663915376889353
0.37919790031219797,-0.005864564803309002
0.33301663715551166,1.0139650877621258
0.4951851889651837,-0.011168461327511231
1.3065463876452241,0.7857129292335249
0.3188389142396507,0.3245394264672106
0.7631890361618117,0.7868856460370203
1.4532611603711953,1.3183494509915807
-1.175784493910745,-1.2960313293569041
-1.1394709803499776,-1.2318492684344953
0.7242314966332888,0.7440727477180302
1.8550859768677261,2.07300665927315
0.567335777436579,0.8076611520015728
0.043908541800359836,-0.003029501315674105
0.039870977008135265,-0.8257879716340125
1.0527274815451875,1.1598903410662424
-0.25633384613227056,0.05450337775798915
-0.9383009319396916,-0.7104628041995376
-0.5402880225356861,-0.9124152053402803
-1.0848846358350732,-0.8873758506733079
0.8271245519080754,0.9570781570823794
-0.7650336979836257,0.13273199971952923
-1.2613394623385605,-1.0921731746493955
-0.6482763759814405,-1.1074167599175688
-0.3109330486703433,-0.6489045064595286
0.6860246432806432,1.5090020872160133
-0.40063843405485966,-0.43535058201791865
-0.4583828783993213,0.06269498641664879
-1.6042174695219074,-1.8358285216967551
0.946283925752352,0.9896904547211506
0.7095962292356683,0.27765174511613105
-0.4713880799016872,0.04347061995877676
-0.2967685723464665,-0.30634726952842456
1.1683969179973128,0.861758200173468
0.5949934229707987,-0.028319198159568588
-2.689423286982707,-2.2217935664195325
-1.0321065710083495,-1.0650659552439852
1.242726000717002,0.9221330269611367
1.868312345744754,1.7386839591158938
-1.4190321224320568,-0.9541843427341906
-0.8641558373652306,-1.1055164782165068
0.826980726459946,0.9286126251516044
-0.14624882941240178,0.7922677153427161
-0.007354479435131303,0.03340584848289786
-0.9512138030763343,-0.909964770949497
-0.2619401060547776,-0.08202213030263104
-0.8526949691629919,-0.9703167344266835
0.8776387785559291,0.6928797730933559
0.4039714758649337,0.4331516362425081
-1.3539378196067977,-1.665584171374843
-0.07991631991063801,-0.16137288170553127
-1.1464399343420346,-1.4350783058317895
0.3916728903710762,0.219066918482384
-0.5956356872970032,-0.41614357665248486
-0.3992392957270152,0.4663164159103871
-0.3236083742657308,0.6349605512528044
1.019098015523312,1.1563083268180798
1.282638983779452,1.1876198933319941
1.5706070705954003,1.9314882814100442
0.37272886584885395,0.10658375212438893
-0.3201124571656053,0.01592271498724895
-1.2107735547430816,-1.4720718545757925
0.6894028948492569,0.3885171823097219
0.14965192411269554,0.42861465268414056
0.930248259539727,0.7624674908836224
-1.1027563532140223,-1.5983738141758608
0.9890767759665189,1.2178117892329616
0.33075963975628747,-0.027693011618248293
-1.9051016287108968,-1.685661138108547
-0.11270481600413725,0.11481894969417528
0.0022396292710172264,-0.12548417370789694
0.3313758033315982,0.4789428249565623
0.18741557012088958,-0.22981989346144788
-0.3317149946171947,-0.1194212307824385
-1.4012305512544154,-1.5612935920558564
-1.0347160377874165,-0.6486220421655934
-1.5456794354759673,-1.2122675515443948
0.1838317090058844,0.0836531032829825
-0.23559190972248376,-1.0080184010715814
0.5664172683529133,0.06845229645259357
0.5669416353512168,-0.5463073833775911
0.4865031419435054,0.6414990229822944
0.49555084903574353,0.8313681019201927
0.023503824745500817,-0.34911075766425703
1.3979799168716553,1.422366564554388
-0.008598791377287588,-0.49127782418829635
0.5189522840332229,0.1858646486114366
-1.5355134254869411,-1.4929637004719647
0.6584264178125193,0.6962605352982059
-1.1869445339501672,-1.2598870174820682
-0.0809880390142497,0.057196400310595745
-0.5634092280974923,-0.5061674171886983
1.586768042475477,0.9698060572916963
1.5223853742778735,0.888992574860694
-0.3168830151503877,-0.013248749827943511
-1.2056238322768775,-0.878448675659151
-0.23307258286718144,-0.0838940234535766
0.03929218466314017,0.015983248478288057
0.2552206225253204,0.26717602982263533
0.29895748828742014,0.07097802231366994
0.723578993182856,0.23257531639611562
-0.26120011794637094,-0.7836020824438199
2.020604408254852,1.7252977183603
0.8794652013277291,0.3644198069858193
0.8662037435776652,0.7208812877282921
1.9355843755285733,1.3472513030071434
-1.7845730817701195,-1.5413340119619536
0.09770115319274332,-0.1681135759069418
-0.6581757055662553,-0.5138094340103134
-0.9581057393932126,-1.6620157686850916
0.08457498544053964,0.5988876340815752
0.3299231244235091,-0.3250089917884344
-1.8451969956665297,-1.6626208986854347
-0.29635116800051087,-0.5342332778639372
0.5864544756509086,1.1039001562099033
1.677295947906034,2.1582570594002983
0.7640664012764886,0.5335511718176175
-0.9179676970560142,-1.0875746314025396
2.1167189443817116,0.8121244510480047
0.2230113599933678,-0.08939800960008827
-1.8029883654105954,-1.4020544376247714
-1.1256443465236894,-1.1185676802453723
1.129026220361413,0.9309370630787359
-0.9822484254990441,-0.5746436541134702
-0.28046529543289567,-0.3228533372454817
0.6203925209816077,0.4793848752058391
-2.0597577735120947,-2.3616717443423783
-0.247363570405192,-1.2070727159805315
1.259649876625877,1.771224615602483
0.12259267895679378,-0.5115771739106387
-0.9038298326040013,-0.7658586995810318
0.5262885521683914,1.0872804450320797
2.4326999398202966,1.920021478620067
0.010956527796484572,-0.4580551387308221
0.42715989721341197,-0.20360781728500815
0.12963425227364062,0.2673377609798549
0.6914178767191236,0.44402781784217155
0.28219477996550346,0.10765337119463347
1.0804248737389452,1.4650168515673194
1.315542821937082,1.0363417682757776
0.7398344039896487,0.4371800898008795
0.5434768618509482,0.2828034621841952
-1.3724002143388607,-0.9655410210884285
-1.7960765548359257,-2.0712049371802923
0.023138585109837736,-0.7612636101691688
0.03525995384773793,0.39027919443310444
0.421352266441908,0.20085143899152583
0.5431618606614383,0.8570747777331469
0.4507081243269057,0.5008867763227298
-0.2282879619231522,-0.9614623253541154
0.062258774145329585,0.2424409744842763
0.4153158993488979,1.0466667055394279
-0.7841818988152675,-0.23379651283999242
1.0221702039898073,1.2100447391039841
0.03234599010561495,-1.2057767567093383
-0.7457457213250207,-0.10637312106484541
0.05002746880176291,-0.10896584554784342
0.750271598390951,1.1448471448378172
1.451432843951267,1.9344411893197022
-0.8473711168668486,-1.198666075025332
-0.9424340224673213,-0.9254405799387334
0.3715361887913244,0.7545662736766151
-0.8989844502738298,-1.134822748812589
0.14588337823863043,-0.04840332296064565
0.018652491553572792,-0.05292106204702963
0.5896080522848385,0.36889341624653665
-1.1167306254064175,-0.9750183439848492
0.2895538481766661,-0.1985636692700007
-0.16001686843006888,-0.6725126378931777
0.7826175306030293,0.958978570657853
1.3637485419282065,2.095613445863637
-0.21598990611250576,-0.6384832259437693
1.6420349418818716,1.2396811368601517
-0.4673823612984419,-0.36849741996144514
-0.6263673796567935,-0.5023702602237163
0.9581045559907834,0.6817794681038394
-0.13593241999482503,0.08249751473349579
-0.6191102120994346,0.10009432626791592
-1.464251776379317,-1.3708257165940736
0.6349308575983666,0.8583870798114703
-0.051221020780652805,0.23769623029640355
1.6137645377642167,1.4591187212478107
-0.005287753640648614,0.3098669594714097
-0.8964567037993725,-1.3112524898590245
2.378288190159644,2.791119479555307
0.4389939468689896,0.5289067767401242
0.09322020638334547,-0.3217624274309909
-0.5440656352842336,-0.8079474116446979
1.6116643422034371,2.0065383487399093
-0.3473779454302041,-0.083148493124756
-1.0083048237526928,-1.3034566382331618
0.26453983497581807,0.6411338134854165
0.20548767719393127,0.45668035144490793
1.3897544523653804,1.0720966630861375
-0.018392899036136723,-0.060026857244235954
0.426312354108037,0.7458765414717492
-1.6441593245785542,-1.3608249222585613
-1.2464664358514321,-0.9071703459958814
0.7492943257550275,0.3581255247372575
0.6686002820855654,0.3649666165693338
-1.8807338675988696,-2.257270810510709
-0.9698486483599063,-0.40953844414590385
-0.9993461079153838,-0.8970822874704263
1.7218609892032588,1.2933860915371829
0.3622369732598644,0.36556933116195583
-0.9263553272972618,-0.520068084551091
-0.004226298648604328,-0.13720496492416429
-0.745806609093681,-0.4710909636801788
2.077865383501612,1.0988895312518048
-1.2751211813594694,-0.9461830939553735
-0.8656447078446504,-0.7900452565591867
-1.0999622660148516,-1.5196236413266713
-0.5011782943685187,-0.7802129109446966
-0.7151381037615124,-0.77451745905941
-0.8049007327549633,-0.04352840719435262
0.6631309334854892,0.7604904683627013
1.7337457211745144,2.3767941793379532
2.0283548259664745,1.4397562797333645
-0.4685670997471835,-0.42674608413940995
0.4679405713976792,0.9140382995696803
1.7544514648431764,1.5151553924356456
2.4694320670953704,2.155494927682737
1.9141062333843069,1.8698658893030462
-2.607049147898369,-2.7995651627428555
-0.178985913208016,-0.34447259666258145
0.3595142335827601,1.1635231152938044
2.1567991250681584,1.7849809073677998
0.13761928747460475,-0.052972531828574046
0.31428174658972013,0.21487982683590062
0.6667215796985045,0.20392768662216956
-0.8668016491889278,0.06740920786805207
0.6585269490812827,0.45920498141715815
0.4817916750923497,0.25269321546893286
0.43309198731371645,0.4237417035470419
-0.05421123063649963,0.23186168605354188
-0.43432393986985873,0.2384626162958211
-0.2691735859097166,-0.968136703233285
-0.527158551359297,-0.1445311809546121
0.13823946639508933,0.3748177745288851
-2.1913858197016554,-1.6024657476740118
0.9043252175872197,1.3352408360137151
0.7729751257147494,0.7079714618010224
0.9602107264633694,1.065520653246918
0.5020353064169983,0.01997234779859929
-1.1892654839173304,-1.5939235326017014
-1.2010878621735048,-0.8715112359238553
0.8760021792527626,-0.09320464618059156
-0.8094776185239353,-0.8358472854787203
0.7830666026525355,0.5815256871756372
1.0950969090295652,1.7124495947267453
0.49329264844596676,-0.1598605240007443
-2.1455677419614663,-2.2590002161496248
1.6602743125947161,2.565390143057255
0.9431704344309209,0.9296718240997732
1.2676209197176758,1.13305505081835
-2.321291410661033,-2.275656463481918
1.9875445272277354,1.6942759759844217
-0.9558933201303469,-0.5944657908617671
1.679356882602763,1.3414023164415585
0.32277940675608224,-0.04775356347634279
-0.1528674101128879,-0.2837441404643923
-0.20672989279961393,-0.1937927186682561
0.4815783579253719,0.5205442910675498
-0.21076986382063898,-0.2110115235932401
-0.7213991872296173,-1.1298941030498952
-1.1600571362560979,-1.3706221254889932
-0.30056587921114475,0.4987036066474647
0.6877208430411457,0.9413060607550423
-0.32976663912889376,0.2979652183404705
0.18852827388941726,0.41293212978855093
-0.769872025263616,-0.7892710045864784
1.9632042742204932,2.190706745577707
1.2037968674586748,1.1102710413631922
-0.9782697127576704,-0.8277726752298213
0.21712078300457954,0.3750908555893284
0.30792918309499245,1.1632747136233592
-0.013291486410495214,0.42372228907412707
-0.744436402537771,-0.9879763431515124
0.16510351823854028,0.25692897169230794
-0.3320474018816229,-0.3560107566876487
1.6081991727789389,1.537280259135205
-1.3914930786104012,-1.5493890166109505
-0.31227011158039003,-0.504906827768905
-2.2660159891486225,-1.8765392401115293
-0.4282623130958615,0.12668251973898162
1.2389157557906854,1.0205830430757439
0.8276241307084989,0.9045767030614809
-0.4512906215950972,-0.22983719476204237
-0.11799487337064218,-0.1186578304007919
-0.7539375859418018,0.5938799217824521
0.6109007777454449,0.7709782723448387
-0.7803451544518885,-0.11162443883989416
0.5146582512116957,0.41966675201208853
0.6495649218978038,1.776551255251063
-0.44498426492462245,0.5065930555242545
2.656332005815005,2.2029134304799647
1.2174988782959333,0.34768424852930846
1.1455661083953184,1.2433846193370355
0.9328008315616391,0.23874591719800753
0.5682033901942718,0.9041376646265796
0.41011844859727575,-0.473395290099787
-1.8666166080836968,-1.6010492352236476
0.6156452556656592,0.9059779949616614
0.3714956170552319,0.06620975801614112
-0.16536959207261648,-0.5055863858491009
-0.32088959677731416,-0.3198512700401048
1.432132846218366,2.1502870081424668
1.0488919159418704,0.7187301839871476
-1.9244369597434292,-2.0227712973161096
-0.7913683059577039,-0.32457445032797483
-1.6177008567214661,-0.99898870785557
-0.6559907745286595,-0.05389515162159386
-0.9524456717502793,-0.8385243844211202
0.7025626142606588,0.043869552163670895
1.0624631076176152,1.3115043053687017
1.5719782438764787,1.804739937698681
0.42736715200294845,0.024665821986539733
-0.6819521354518859,-0.5519271550208157
-1.8725182787297214,-1.5236644775239165
0.7421717639714382,0.6900443861712671
-1.8777392550414473,-1.8503679305640106
0.6323216512175526,0.4459579043554373
0.16769863369776303,0.2540234963495365
1.7113733138444565,1.6528254796790285
-1.7395121201170969,-1.1620348206007394
-1.925602346809266,-1.5726956284877218
0.34791568838644815,0.6033573427618908
-0.7235136066713027,-1.2440267430427103
1.713175297500133,1.8333457477663475
0.9776175784757921,0.44253211947858095
-0.8018663788677005,-1.164056610564723
-0.30986147743786757,-0.3949578456523879
0.12947718561117644,0.7963443013306708
-1.438216170268353,-0.5309908160531138
-1.0103710218270945,-1.5002486142627627
-1.3223572958316316,-0.516168848098046
-0.5131390092475474,-0.31999437007864107
-0.7086998466190223,-1.0755259908991903
-0.4843651015238095,-1.1284667746901629
-2.247687500112729,-2.129208566148438
1.6393981227555308,1.9830561252257197
0.6024092477674622,1.1898231296867936
1.1810221199463933,0.9149385865596437
0.684027040514911,0.4127264215029409
1.12544276702875,0.5433624825696014
1.497670788589835,1.064003192259019
-0.9563813608379562,-0.31986139712160544
0.2829156527027504,-0.43056622409065126
0.8039092812991289,0.3791987478742555
0.18568164075181653,0.32287299739571845
-1.43960368557724,-1.3590269242791855
0.6637213468235067,0.5161928101292368
-0.5950376222566941,-0.9031394185866078
1.1246505964216873,0.49098826155944075
0.690136565951944,0.9981508053473968
1.0189644007920309,0.9085658890123222
3.1367288936323603,2.8515705299147553
0.7401142466197036,0.30514811074265336
-0.9536765887344227,-0.6202112648913487
-1.4253888542054862,-1.419363649261074
0.5345424838478213,0.3220924023562269
-1.5790432843998177,-0.9470406216728404
0.022215033962933173,-0.7157174155923604
0.16404191968495108,0.5019413029132787
0.4866562535010624,-0.37857189306794115
-0.01065166917794454,0.0385445724511314
1.127090548256739,1.0431051068849149
2.0835282883284703,2.415434004737055
2.1065535934905397,1.7457037446721622
0.7278949777563845,1.8985815455851096
2.497165496332148,2.185722156717149
-0.19595103518255913,-0.5112553848999122
-0.6790507643233374,-0.18933186959257486
-1.0502037475635153,-0.7439537713874614
-0.9085985946332747,-1.2883513443805017
0.24782489384275522,-0.7602254305230995
-0.8509095245599282,-0.7037386986053107
-0.1535770072627592,-0.21235284303761756
0.5092597943666455,1.1272797383577875
-0.0265254225618558,0.8432344980828649
-0.7826055307919577,-0.9602517543927455
-0.42411672847294307,-0.12209802525138856
0.6616582864473877,1.3489110165914373
-0.2586535487234804,-1.0221265352996838
0.2077451428383289,0.26738690674777105
-0.7019797389598896,-1.0063841510986358
0.7813147071341755,0.0794631498739851
-0.5661427897660221,-1.0716304639479954
1.0285154312392017,1.4168305435180046
-0.34759146577593547,-0.4348578736842851
-0.5078067770845941,-0.7066212479494546
-0.1409602686303683,-0.24424694865472582
-1.0022788143775647,-1.2304264160347813
-0.16011421504379575,0.359152376148196
0.18117843268670694,0.010183105045288883
-2.005484226240327,-2.215928616586408
-0.1921559285862286,0.5488468597883972
-2.1872896263313777,-1.4767074340788835
-0.12541892766197701,0.3460228624354919
-0.8785151744212497,-1.7665791000001736
1.195113957677548,0.9077024392455111
-1.4494624536457763,-1.7555607892926173
2.670797448823857,2.5076015161579135
2.1431809849075933,1.7953394680625023
-0.3100448367650825,-0.7156359959827173
2.088271565384407,1.6472409986433072
0.2649552968914138,0.40351977215390394
1.8456177100367355,0.8808924701310972
0.24030498099879702,0.5165005004410433
0.4931100071698968,0.6756590102710025
-1.1851916572394923,-1.383658494674808
-0.2741139491507647,0.035032756190531415
-0.15444844169172703,0.2214772973724415
-0.322862489702181,-0.13302986338810874
-0.2764441695825347,-0.08978609799002046
-0.35528034084638155,-0.47453096181918264
-0.18081963309817434,-0.2570541282681517
-0.5460450231788273,-0.9254801973694708
-0.34271957894235616,0.036164461365794924
-2.6709579039916247,-2.5371053747152743
0.30419687815847946,0.8217335803603159
-0.4615654496958389,-0.5271457952944999
-0.3688199515578587,-0.4871205467274482
-0.7868603080778768,-0.4260662641469854
0.8451457614075328,0.49162843746509494
-2.295741080940739,-1.6429581471393513
0.8270020084837774,0.32122998288334254
-0.6537883494094416,-0.5868371128312356
0.7358530158327313,0.14320012019734638
0.8765172710746989,0.3940216860057766
-0.6757753385184251,-0.45687625826056116
1.0456165798764752,1.1836066616440297
-0.5123634423855753,0.03294744058843369
0.5366810055506631,0.46914507098512126
-1.6127963876075708,-0.8622415554161804
0.8953458755178301,0.7199524342217564
1.0238769054119177,1.1272167682864478
0.9513642801142245,0.764636093798243
1.3810919289590677,0.9307291062569968
0.29180281265989916,-0.14714250715155824
-0.7917518802283631,-0.4609662904730397
0.15511711233130224,0.04112249474489101
-0.4958605130673953,-0.934385807584777
0.7336440487576188,0.22944576238459108
0.9444977680602297,1.4770858283559616
0.5365347640993174,0.5036775241395235
0.016005656534570464,0.10271994121879467
-0.8008599364071863,-0.6612403925856029
-0.2991489806306087,0.15872823141399423
0.9420522754952454,0.3602247885473281
0.8395041324948996,0.31812834769273907
0.9965560113781037,0.3252868969444277
0.9713602217538766,1.3591987243344537
-0.24155043075469854,-1.1287695042942123
1.055542636457621,1.0482003201007153
0.11668065932553506,-0.4624125278473073
1.405238981306636,1.4426300073828109
-1.564901208762249,-1.496728628713516
0.5815647531455975,1.440685675835225
0.4120196427866803,1.2104135915274779
-0.2085861184544186,-0.2867403547573019
-0.5340929549843189,-0.613049572206428
2.1811234873631515,2.055422408252661
-0.6758316917767146,-0.521686109508662
1.8022076897555794,1.773308490977343
-1.4809113690258406,-0.7148952951013329
-0.6767713028281523,-0.5312576954131903
-0.26937773130776105,0.04489174884947901
-0.47352167403734197,-0.8439175788462632
-1.772583343342186,-1.5441908647114289
1.4868870021163796,0.4378603746787557
-1.1226595578080707,-0.3158198011691394
0.12681329074450884,0.4100511325843283
-1.587913761542249,-1.67296411135196
-0.6110860477175138,0.4584374760206748
-0.14335234054386126,-0.2885282299258153
-0.6979734778480849,-0.4555073174953886
-0.030982928010341595,-0.12851680910457933
0.23408680646096797,1.406373613483677
-0.6696238494525333,-1.0140320821056485
-0.5118854688187988,-0.16766696076611481
1.2933576489036345,1.3854907997975712
-1.1120999653285066,-1.3248624393399124
-2.020703503419196,-1.4228853411735263
0.3109100520162476,0.3253526504266155
-0.8528767267376592,-0.8646568367410908
0.6894505947325499,1.0318885464003769
0.06573933821898355,0.12655047450325105
0.7520058517682141,0.12844321254322436
1.187445609347769,1.4627777853511772
0.11809278454152392,-0.5933089916140974
0.0029839537725960823,-0.5494781866609996
-0.4371787391616451,-0.29049636276545415
-0.12297022948725637,0.8905551036694552
0.17460532397568657,0.4849238378741406
1.579657393826136,1.6925882460012724
0.6894412329685442,1.0847318177397036
1.3164027465412145,0.5714317358492756
-0.08023894766085127,-0.6826190821677158
0.19938428629883181,0.6604356481268845
-0.5995176851201949,0.4907682468516108
1.2012540301148442,1.2653082291409772
0.13857349226729507,-0.06229317091409056
2.4029435267645196,3.0565989384635244
0.10150062932488278,-0.42806556574559984
1.2458326388629815,-0.08226043212067212
-0.8653576723652041,-0.9881374809171753
2.1274584528261626,2.3413159484449975
-1.456533420840924,-1.7797864401944632
0.08825220064068488,0.27914754709414974
-0.2504084974225049,0.24028979289584135
-0.13813477376302818,0.18575442767440947
-0.6329051570866832,-0.4418998092660713
1.3228158825270924,1.4096334417894312
0.8239668580625121,0.4613059469845081
-1.301621418964294,-1.342099864358131
-0.4040295126374706,-0.3984986208126019
0.4976398389978526,0.9103507159213473
0.8739714717781328,0.96184468334114
0.09521741442931042,-0.2118755362237314
0.6537131202553544,0.776555441011928
0.9847741781891721,0.7726559853598216
-0.3690666743179277,0.21872072655281022
-0.7121431963455873,-0.9974904950712626
0.2759113692803681,0.30880777230223083
-0.23868064631045072,-0.9355415347939354
1.5966757951585875,1.8290941162612828
0.4667690357089929,-0.1840070846428588
-1.1544969057284562,-1.3143883938369363
-0.8936712127789427,-1.1048576357237714
-0.4477094995593026,-1.143549836880688
-0.37434516146544466,-0.6598940937521925
1.6133062026283278,1.6604058730659013
-1.501289515044788,-0.9777479863375328
1.2038901785917533,0.9195040144752717
0.00027013915921291767,-0.1604553606176581
-0.30185836453480475,-0.2589805070817569
-1.8852477275678963,-1.9253850703371114
0.1754658125068214,-0.3116570784111664
-1.1036886529475118,-1.5378403045099607
-0.15870722433312487,-0.6218596228209766
1.203051005303636,0.8446364550616927
-0.8107340729738158,-0.0011780454739696044
0.024052934029557996,-0.262163027650431
-1.640159814419885,-1.409962095588673
-2.4056265520651783,-1.7161340822835112
0.39183843972156146,0.9506986063817081
-1.123091634198218,-0.2120192413903492
-0.05126170818261617,0.3393559967772747
-0.21474993659845956,0.2902754293712825
1.2352464746776082,1.1723738891779152
-0.5064189468237849,-0.8455341803390372
1.1688712307365672,1.3216341569836962
-1.015481753972586,-1.2919275579443026
-0.780001313706168,-0.7794265254993072
0.7452643561505212,0.17622092218464394
-0.4581740092250026,-0.7104477621067657
0.004174448382368759,0.0534626681214544
1.035624782530085,1.0871343629424661
1.4964609813421066,2.1051069639820645
-0.025444374730311654,0.3126724204826772
-0.08699576954622631,-0.9616257224042797
0.12612479200826668,1.0721543460734269
-1.923772327866873,-1.678864264831671
-1.3217142276642388,-2.1106370065969524
-2.216059893229376,-2.4350076516676644
-0.7988354699282874,-0.014869735795652535
0.7026635720640332,0.9768560454224638
-0.6665060737826783,0.04149538596388188
-2.1523359888935527,-1.2288146337787207
0.8762352768494012,0.6886669215520197
0.6920437006479568,-0.13562690806836356
-0.4614330619071435,-0.6173089732744889
0.5985254302169212,0.6309234964272515
1.0438785643325112,0.3872431309801998
-1.425976475077445,-1.0024381501503923
-0.2010293628549919,-0.2802702192940762
-0.6814367106848265,-0.5342234532508267
0.19585963159723746,0.34597870393803226
-0.09162883777223829,0.5789207250143947
0.5742305390003416,0.6884170962580921
-0.06542911632759513,0.4031611191626714
-0.510215726980687,-0.3563096267099655
0.07163616829994489,0.5687347910906733
1.4636584011794196,0.785815091840552
0.24378957321954542,0.19321480954613743
1.1707114304572304,0.9801436232437784
-0.9390277544759285,-1.1293386508185526
-2.1473030021981176,-1.2807841607444839
-0.7959634446467209,-1.050634350459699
-0.07561659080977966,-0.24266886783229027
-0.4052771977781952,-0.4813964359278921
-0.09977661532139472,-0.2231254791001982
0.8084168023897441,0.2673729134870942
-0.21860961148506713,-0.9297374324544773
0.5789266173604561,0.974819179477086
-0.31001657661505305,-0.14816397973944082
-0.3349414571912114,-0.5568952444603683
0.1489927301519612,0.7765660314574934
-0.5883527212826901,-0.12276650978427626
-0.8245361399225379,-0.32596892579801795
0.19524736176695273,0.43637235050042844
-0.6281614265079644,-1.1220165234442427
-0.0717745757244889,0.27832706883842256
2.308308563624907,2.8092119850898922
2.4595980352539213,1.618825209311141
0.3155962282928379,-0.06034696732103101
-1.075365342282942,-0.40240674699974494
2.66155649401561,2.4738826611698728
-0.005152865189676739,0.09775937102290438
-0.601831348273784,-0.11785800434995539
0.12840520448541398,-0.06476887053151505
-1.0457762002060886,-0.6374941281671714
-0.6930083172801739,-1.3939933239232245
-1.2591847169885118,-0.39734287473092045
0.000825423887541363,-0.01818327686842035
0.862841033823237,1.328372174092773
0.2282713015203616,0.04090824958147144
-1.9613813126010897,-1.3901924700435453
-0.6207376575100388,-0.4605700125743619
0.43697563616789414,0.40882328832799
0.33116500636497087,0.49485960045827343
-1.0983035606398408,-1.1821849797495234
-0.3756652512118445,-0.43970536210550915
-0.31553973894607296,-0.12502183068877293
2.2141835595902553,1.7963566584931028
1.7668239033827233,0.7403011749406513
1.073378483101802,0.602648865780701
2.1249307188763975,2.424741312050453
-1.5768875477608155,-1.1662452146714846
0.5513750857923974,1.0125354639302848
2.1127459601755922,0.8558099885795594
-0.605985825269805,-0.4316217948212324
-1.1563810734664834,-1.0525780811776058
-1.1286887457301902,-1.089399324744292
0.32663071959893053,0.16450195579118326
-0.6476467166557963,-0.9196205694682998
-0.21502134128622138,0.2397390125900188
0.7496352804421652,1.082479205171127
0.11175562212483575,-0.15298646478817382
-0.583243267537468,-0.7150728586951747
0.22760685267088776,0.19771680351057355
-1.9353915874305772,-1.286833572005341
-0.43394909895420525,-0.499861590813608
-0.2373832554130299,-0.07483652783071564
0.8251806368257164,0.5499561436194726
-0.15954054643063478,0.18400756874716695
-0.11649831828634379,-0.2439631901566327
-0.1933300847497808,-1.1831115349593146
-0.13582088608095857,-0.19403598388947618
1.957196978097014,2.1132436262329732
-0.36344440902682223,-0.4170111019754868
-1.0764672530925041,-1.1067544894411956
-0.15921456749957885,0.4982248055359322
-0.07588991208568385,-0.6371600032856848
-0.3314911984129616,-0.2208762290366886
0.340521004726865,0.8899857089444593
-0.26254403344809274,-0.4668479501529322
-1.1664973501497025,-0.9309920679100663
-0.31268558426150317,-0.22610383472330467
2.019036724908652,2.4361577791392546
-0.5338429601900591,3.682226840558874e-05
0.16536272534644447,0.34745726749958783
0.6296737273283406,0.22837290512146802
0.2008093738196626,0.4961332487160962
-0.30908596275496164,0.28635129978037266
-1.6107709302914872,-1.759579916821905
-0.57749130772066,-0.6803229662325566
0.39267477488101954,0.9160214282320553
-0.603383810229846,-0.016900015303522226
-0.8044557965471383,-0.7139970219959232
-0.5261296989496231,-0.30595480455304286
-0.3309801130931829,-1.0419750094700402
-0.14739261399603565,-0.7327510898725408
1.1739680051522452,1.1342284004403416
1.5708768872788732,1.1168935698508198
-0.46716407198350124,0.08234624553682873
-0.008789193699227421,0.19587644769064463
0.1129428286929148,-0.25883032962551994
0.1960354699010256,-0.1675225953463275
-1.0500077111216035,-0.6221396654810053
-0.005487875201762484,0.2439050344355701
0.2135091760851427,0.8838533099865904
1.732407215532538,1.6225289027591736
2.350697919500453,2.3469439634691014
1.854666134846139,1.6789719029935468
0.2884120858117529,0.7838333513495829
-0.21569997919936582,0.6413679149508765
1.174095904126649,0.6455646889196816
0.41205825078881764,0.5606139503660191
1.083275941818128,0.9333199582509037
-1.0796109505264004,0.5870380827723365
-0.19735284352384527,-0.8989659674866934
-0.005341739281401077,-1.0209798258279215
2.014965168569198,1.8736364553502622
-1.770996491374442,-1.548203099353752
0.3717596642493674,0.013677228458627726
-0.2078443218813965,0.40523730769510075
0.24647270319902012,-0.033532865845612714
0.3433482802389391,0.13006209823849915
-0.39988045321008553,-0.4498628935974849
0.11775366849117073,0.2876988726303913
-1.1308637801817905,-0.4362926928531783
2.1317921062965355,1.7123781909970424
0.966168391241119,0.8137968749116226
-0.669834069729613,-0.4059680014791335
1.0398759055694506,1.3097072431980665
-2.5152013622944627,-2.5334331850126928
-0.02867439008176453,-0.5300733623195845
-1.0312879895512834,-1.8973754281546922
0.32029862093990963,0.29855149262482394
-0.3579182278466596,0.3845562688679495
-0.6971319595480138,-0.06022409937498034
-0.1008923377732121,-0.28523871348983315
-0.05214037845751258,0.16422958883941116
0.10651609853702361,-0.03551689566594556
1.4929964792598145,0.5936980881314877
-0.30290265878156625,-0.09087967108428721
-1.7849221722578668,-1.9300436560746244
-0.13395030298377317,0.12672310618701974
0.07242018611817179,-0.20571904473835265
0.6572318678056238,0.6507063996926442
-1.222049096249597,-0.7848199635678809
0.0075246788493002655,0.7821979138650279
0.700223113847132,0.9321365209026794
0.3887581252907705,0.34035320191637636
-2.0855331691390417,-1.6389997395133584
2.038138403419006,2.628012681312083
-0.4721663313062242,0.24639084734039957
-0.1428965200123099,-0.7472398435542751
-0.05508075603402651,0.12943145502729772
-1.2909685642834101,-1.201926260438488
-0.8251502381454804,-0.5815614627810136
-0.07411766959252973,-0.6984126164324321
1.2998784825378678,1.370982454425236
0.34874119193932124,0.24635229838840567
-0.12070464472425849,-0.2244768434482568
1.0475316948735356,1.2308232165679687
-2.606005226425119,-1.9036765641296591
1.4294041480010773,1.860798139726866
-0.8686856587437941,-1.2568626516186083
0.6598104163838009,1.2093535752451734
-1.0065772849688481,-0.7027066201884768
-0.6516342719222246,-0.5393610436114946
0.552229143979335,0.3376665236512513
0.5254138735117653,0.043330394656918673
2.5274612577435254,2.617486751827566
0.2730938623321732,0.23391484966567583
0.5341982890679128,0.45348876562739665
-0.5350214175229734,-0.4279048659996407
0.45953344577099764,0.922787437011716
0.18262808610250586,0.3580634595674934
1.096354694963851,1.45655459247514
-0.5843237010818658,-0.5588524803047151
1.5083578329953848,1.3982537555113015
-0.1897096437473637,-0.19082473980514977
-0.6651832965479474,-0.4262105283305426
2.4050272044327037,2.0582784834804713
1.0051416606302757,0.9111194229457031
-1.1086171892883359,-1.5390584249690753
0.681583559442525,0.7407555214624427
0.14610570340551435,0.4688135115721768
0.4834475970529095,0.4435336164952443
0.31331591896149447,0.4789876304181411
1.1999604814904354,1.0503887607847722
-0.23077050694346252,0.12218623402253966
-0.26745693523581016,0.158814451420939
2.0978514010213787,2.2658342741260755
-0.39590069003523876,0.19776087327863529
1.9161218882913442,1.1331782020331058
-0.38333918456254235,0.14112878303314555
-0.46485335216860274,-0.4492871960145501
0.6388609464997754,0.618195566768913
0.1864516561740845,0.7417253951179277
-1.1603341433130148,-1.4442666880025776
-1.084231747912444,-1.6886039907359203
-0.3840699834597247,-0.19114660735122904
0.044184273818478656,-0.009605598622461246
-0.8252598285641851,-1.0542961553177388
-0.7831632974949527,-0.7334767221247461
0.6466188190685735,0.7337239805154759
1.3879452595171315,0.789149244284127
-0.20416337196008555,-0.6760484174810577
1.1831370803298236,0.9657491531925184
-0.9316204815706997,-1.2674396786219737
-0.41432288548309065,-0.3658178740741871
0.7321199169949852,0.5835383217376122
0.3301836504830083,0.5267571180921226
-0.2719278577722343,-0.943194026176702
-1.5969026411418652,-1.2483396259507473
0.01813350707822601,0.5615732156530698
1.4551664973493887,1.9648258818849222
-1.3336022929451676,-0.5752483199250337
-0.6801864308589167,-0.16418934309564237
0.6487811957062444,0.4329956287998036
-0.4276348227816922,-0.28382672440472395
1.771895292491321,1.547774343108772
-0.7865855711139284,-0.6856361372684089
0.652627830190385,1.160091934675663
0.019866679962214924,0.06732389752417668
-0.22358981581535467,0.030830542998209042
1.5519226483482265,1.5535098178065014
-1.832243537556888,-1.84919984943887
0.8147047780439128,0.7266769013960198
0.6369587751491925,0.666082197589252
-0.9619882719456515,-0.7613488265140437
0.03495564851209187,0.412444005442619
-1.0202575973602415,-0.7243936202399762
-1.2028248299112851,-1.7791541421155674
0.4941918364444193,0.19696586857889994
-0.2644835234441006,0.006782680328579215
1.2151346739732742,1.5104787445561583
-1.7823344200189277,-1.5254278077392933
-0.10080293922233756,0.38105237852620655
-0.6119484002805484,-0.3613384699189833
-0.07519865408025701,-0.4030596538473433
0.0968144290658553,0.015036423656304608
1.702325644311043,1.259513047885755
-0.25258567230749135,-0.14689903596274412
-0.2574945450753038,-0.8402698453129308
0.6303249226318162,0.8068170347961604
-0.8851595086917216,-0.5256388622326615
-0.7670904548574756,-0.47249517896035115
0.7334709354706925,0.5492360861141701
-0.5816868039787386,-1.0754846638041549
-2.44110436715031,-2.5521873363890326
-0.023904988608537677,-0.4176488553245089
-0.9384354743596984,-0.908228585922658
-1.199403579080368,-0.48475218426090416
1.5149383143961708,1.3969294515786264
-1.6630066837156015,-1.431642697722753
0.033485462996070935,-0.6888386487202044
-0.9723161722863328,-1.3429659162509318
-0.3337087007824181,-0.4810324496324594
0.02547908158535115,-0.062239663556696974
0.6402330610761738,0.3620170737245149
-0.19288389598130656,0.7899874026377529
-0.6466308470754135,-0.16687350805152695
-0.19282399587165902,0.5669914040953551
0.17583064455129657,-0.14984492073942318
-1.00095893969272,-1.2800210782192352
-1.5438986376269368,-1.149183933351216
-0.10254343263381747,-0.08607013480555706
-1.3929619484555142,-1.6271169345732435
0.2731604183848676,-0.2135445019991181
-1.1701041722803929,-0.45422239138356024
-0.8199353008632951,-0.6414354916298337
-2.054878482845315,-1.295936277083723
-0.45579126756107047,-0.48086645194611627
-0.9682273167227894,-0.9028497202569088
1.20178048924823,1.115252594304589
-1.0329455791639544,-0.9262234777131013
-1.432537089886391,-1.4272544485918284
-0.6292395821748408,-0.2872535200670701
0.8620721867715425,0.46520151160384077
-0.6759402956877221,-0.6088583188869242
-1.357459979119297,-1.5421354473822688
1.4676581873358652,1.3863919645960776
0.7331718725872611,0.9277345498143627
0.24410960565979908,-0.17968493678705907
-0.0550243521366205,-0.5065137092618126
0.36299693036803077,0.5577114866912092
0.16267560088872723,0.599260830285604
-0.8950322049575054,-0.12491048968529336
0.5172413093506222,0.22317306600431303
2.035222380979341,1.3001840103709343
0.05227927637827481,0.003567671670810648
-0.2740698154420962,-0.4711222024134733
0.18301991751470648,0.17611654372656485
1.5654527351297194,1.299404847478896
1.22410720863999,1.4753173166370892
-0.5898556446259241,-0.44972605495945384
0.4078969269230074,0.6413822971121342
1.3382568966111867,1.2372276005499447
-0.27446468583944866,-0.6083117486720381
-0.2150717582283138,0.774852703119324
0.12469542129029074,0.5830249296736073
-1.2418359500158993,-1.1663008308808749
-1.2921586584086846,-0.418761619622137
-0.021876050762610316,0.22744223668058677
-1.1374437825688708,-0.5412195532438683
-0.1616770741838899,0.2851022618861158
-0.4199347715546606,-0.26981209027616154
-1.446559122711916,-1.2629015304856597
-0.6943162967327436,-0.35950014873896197
-0.5462490535811572,-0.20096434806685096
0.6514715622344798,1.5259448939562084
0.4127964248265771,0.2220600824928027
-0.7286438389806563,-0.7489939521295423
-0.8628251391098893,0.07608962453122226
0.5960878407641425,0.6700353339941028
1.3770049380342293,1.630794126118607
-0.3786770356961452,0.4019894678196144
-0.45119106803302517,-0.8009899052178624
0.008180679913787283,0.1619288031940801
-0.7244808403197786,-1.2248808096252637
-0.8357836643249028,0.14400284640043667
0.6882221672233728,0.3704896967509818
1.2340644232530538,1.0443187995466883
1.2075314478100287,1.1891661700400726
2.1632025152315926,1.6811626751126332
-0.9514205992808669,-1.227708215345324
-1.4943879870681713,-2.1718287202591844
-0.8251593900088406,-0.23805684482430428
-0.6915761618720746,-0.6425304107958448
0.6103327106007757,-0.3419173294642151
-1.7296282328140384,-2.1839559612851045
-0.585593113341549,-0.4643547100575535
0.49218186622528787,1.0691746246757956
0.47075128135949074,-0.1749287629516695
0.1072548814325425,0.008332006990851605
-1.7724034941582718,-1.9507764509814762
0.24496410832020785,-0.0810222220642728
-0.6880958923176617,0.07271850053985132
-1.0085922354466421,-1.462615113829694
-1.9065598794223686,-0.9735904794645526
-0.5504321538980044,-0.40223007463470434
0.6438113175644806,0.4600141971281682
0.6843401604979857,0.1923079858644394
0.28892901804449145,0.5491156267947589
-1.3777038995879727,-0.9444452562428619
-0.393595638062408,0.3989006526797014
0.33082217175810935,0.4452900457989811
-0.38863192380179107,-0.2834193821900634
-0.5787530965065868,-0.13248932439062377
-2.0871648930761553,-1.683072856917902
1.1416091446819616,0.9678733497174968
-0.4527459969174278,0.14124492650993334
0.2672114362405921,0.3649444407747024
0.25048716287495704,0.2194333953082036
0.28427879042925036,0.059212966647705506
0.9720677177622463,1.3739824228869852
0.5332671130732342,0.23696965819858543
-0.0016456464289172142,-0.0951216020670317
0.33499990785474265,0.5997800929245476
-0.002029429269355609,-0.5003107846666647
0.3404880037350448,0.3909408104887058
-0.3158127043477664,-0.017108457267359465
-0.2618466241197482,-1.1564084496861446
0.13637901205146497,-0.36292848801940736
0.29931723409667677,0.7602259544901796
2.5677477926628347,1.9306462340150632
-0.2763593215254421,-1.106201783507645
0.6947818029673148,0.2718398642542136
1.1518003818316456,0.8761944400629298
0.2775404122985453,-0.3082904102808736
0.6975076278404185,1.2656383474215724
-0.9488022658152638,-0.9963988122787315
0.7427214766169465,0.4909298547801038
0.14732983625024704,0.0008737859211003153
-0.5902558860691071,-0.9638299979812353
-0.8289445532667901,-0.4797380593440644
1.449594613793226,1.923975450747747
-1.9530263003263237,-1.7705731836967684
1.3998592334822588,0.7793921225384447
0.2894144977826277,-0.05682718730015624
0.9884383581834557,1.2236949112306117
-0.18279790739914445,0.049788552286421345
0.30371985823262554,0.516867950818095
-0.9320645920550383,-1.7476223803339075
-1.2915424689279038,-1.4403218239833984
1.7090903264778552,1.3682910341415166
-1.1387860308805704,-1.1331685470980537
0.43818775741306415,0.1359450589206216
-0.0453976209071318,-0.8763605085848296
-0.10589786381126426,-0.2421286776622688
0.3826456240182683,-0.08007288250930576
-0.7245344726209498,-1.016077732128452
-0.324472678013868,-1.251964753866648
0.18526418067677708,-0.35676939929703155
-0.11795826392473063,-0.8697611619275464
0.24254007128238486,-0.3586778608126984
1.2432861374430493,1.2086955162604576
0.44878820618406307,0.8481925888759996
-0.6947499390849938,-0.5939648792941903
-0.40488469954275624,-0.7993009739755943
-1.3657795930987746,-0.8153602404746245
-1.1344722691101248,-1.5680085228574576
